OBJECTID,LONGITUDE,LATITUDE,SLIDE_NO,DEPTH,GEOLOGY,STRUCTURE,ABSTRACT,CITATION,LENGTH,WIDTH,HEIGHT,LS_AREA,TRIGGERING,REMARKS,LS_VOLUME,ALERT,STATE,DISTRICT,TOPOSHEET,SLIDE_NAME,ACTIVITY,STYLE,INITIATION,PHOTOS,REPORT,IMAGE_LAND,REPORT_LAN,NH_SH_LOCA,RUNOUT_DIS,MATERIAL_T,MOVEMENT_T,MOVEMENT_R,DISTRIBUTI,FAILURE_ME,REACTIVATI,REACTIVA_1,REACTIVA_2,GEOMORPHOL,HYDROLOGIC,LANDUSE_LA,PERSONS_DE,PEOPLE_AFF,LIVESTOCK_,COMMUNICAT,LANDUSE_AF,PRE_REMEDI,INFRASTRUC,GEOSCIENTI,Year,Location,Coordinate,layer,path
5650,75.89250000,11.72166700,KRL/WAY/54M14/2015/146,0.00000000,Charnockite,,,"Sulal NL  et al., 2016. Marcoscale Landslide Susceptibility Map for mountainous/hilly region on GIS platform for toposheets nos 49M/14 and 53A/3, Kozikode, Wayanad and Malappuram districts, Kerala. Unpub. GSI Report of FS 2014-16.",0.00000000,0.00000000,0.00000000,0.00000000,Rainfall,,0.00000000,,Kerala,Wayanad,49M14,Priyadarshini,Active,Single,2012,,,,,SH54,0.00000000,Rock cum Debris,Flow,Rapid,Confined,Shallow translational failure,0.00000000,0.00000000,0.00000000,Lowly dissected hill,Wet,Sparse vegetation,,,,,,Aforestation,,Porewater pressure,"2018",,,Points2018andBefore,C:\Users\swati\Desktop\Wayanad Exports\New folder\Points2018andBefore\Points2018andBefore.shp
5649,75.89750000,11.72194400,KRL/KOZ/54M14/2015/145,0.00000000,Charnockite,,,"Sulal NL  et al., 2016. Marcoscale Landslide Susceptibility Map for mountainous/hilly region on GIS platform for toposheets nos 49M/14 and 53A/3, Kozikode, Wayanad and Malappuram districts, Kerala. Unpub. GSI Report of FS 2014-16.",0.00000000,0.00000000,0.00000000,0.00000000,Rainfall,,0.00000000,,Kerala,Kozhikode,49M14,Purrimudi,Active,Single,2011,,,,,SH54,0.00000000,Rock cum Debris,Flow,Rapid,Confined,Shallow translational failure,0.00000000,0.00000000,0.00000000,Lowly dissected hill,Wet,Moderate vegetation,,,,,,Retaining wall,,Porewater pressure,"2018",,,Points2018andBefore,C:\Users\swati\Desktop\Wayanad Exports\New folder\Points2018andBefore\Points2018andBefore.shp
5653,75.93472200,11.67305600,KRL/WAY/54M14/2015/149,5.00000000,Charnockite,,,"Sulal NL  et al., 2016. Marcoscale Landslide Susceptibility Map for mountainous/hilly region on GIS platform for toposheets nos 49M/14 and 53A/3, Kozikode, Wayanad and Malappuram districts, Kerala. Unpub. GSI Report of FS 2014-16.",150.00000000,10.00000000,24.00000000,1500.00000000,Rainfall,,7500.00000000,,Kerala,Wayanad,49M14,Banasuramala,Active,Single,1992,,,,,Padinjarethara-Pulinjal Road,0.00000000,Rock cum Debris,Flow,Rapid,Confined,Shallow translational failure,0.00000000,0.00000000,0.00000000,Lowly dissected hill,Wet,Thick vegetation,,"11",,,,,Four House,Porewater pressure,"2018",,,Points2018andBefore,C:\Users\swati\Desktop\Wayanad Exports\New folder\Points2018andBefore\Points2018andBefore.shp
26041,75.93590000,11.70130000,KL/WYD/49M14/2018/06,6.00000000,Charnockite gneiss,,A rock cum debris slide was occurred on 14th  June 2018 at Veetikunnu which resulted in the damage to one house. Incessant rainfall is the triggering factor which resulted in the reduction of strength on saturation and increase in pore water pressure. Re,,70.00000000,12.00000000,45.00000000,840.00000000,Heavy rainfall,A number of rock boulders fallen along with this slide destroyed the house at the downslope side. Three precarious boulders are present in the crown area and three huge boulders already detached from the crown are also lying along the flow path. This loc,5040.00000000,II,Kerala,Wayanad,49M14,Veetikunnu Landslide,Reactivated,Single,0,,,"0",,Mananthavady ?Co Niravilpuzha  road,0.00000000,Rock cum debris,Slide,Very rapid,Retrogressive,Deep rotational (?e? 5m) failure,0.00000000,0.00000000,0.00000000,Moderately dissected hill,Dry,Mixed cultivation,,,,,Agricultural land damaged,Precarious boulders along the slide path have to be removed. Ensure free flow of water along the hill slopes. Avoid construction of dwelling units in the vicinity of the flow path.,One house damaged,Incessant rainfall is the triggering factor which resulted in the reduction of strength on saturation and increase in pore water pressure.,"2018",,,Points2018andBefore,C:\Users\swati\Desktop\Wayanad Exports\New folder\Points2018andBefore\Points2018andBefore.shp
25807,75.93683300,11.67075000,KL/WYD/49M14/2018/6,3.00000000,Charnockite,,,,110.00000000,10.00000000,50.00000000,0.00000000,Rainfall in mm,,0.00000000,,Kerala,Wayanad,49M14,Kapikalam,Active,Single,0,,,"0",,Padinjarathara-Pulinjal Forest Rd,75.00000000,Debris,Flow,Very rapid,Retrogressive,,0.00000000,0.00000000,0.00000000,Lowly dissected hill,Wet,Low Height Plantation,,"5",,,Forest,"Drainage should to be channelised, Box culvert with suitable dimension should be provided at road bench level","house damagd/debris filled at ho,e wall","pore water pressure,reduction of strength on super-saturation, gully erosion","2018",,,Points2018andBefore,C:\Users\swati\Desktop\Wayanad Exports\New folder\Points2018andBefore\Points2018andBefore.shp
5652,75.93638900,11.70666700,KRL/WAY/54M14/2015/148,4.00000000,Charnockite,,,"Sulal NL  et al., 2016. Marcoscale Landslide Susceptibility Map for mountainous/hilly region on GIS platform for toposheets nos 49M/14 and 53A/3, Kozikode, Wayanad and Malappuram districts, Kerala. Unpub. GSI Report of FS 2014-16.",100.00000000,20.00000000,17.00000000,2000.00000000,Rainfall,,8000.00000000,,Kerala,Wayanad,49M14,Pullinjal,Active,Successive,1991,,,,,Padinjarethara-Pulinjal Road,130.00000000,Rock cum Debris,Flow,Rapid,Confined,Shallow translational failure,2000.00000000,0.00000000,0.00000000,Lowly dissected hill,Wet,Moderate vegetation,,,,,,Retaining wall,One House,Porewater pressure,"2018",,,Points2018andBefore,C:\Users\swati\Desktop\Wayanad Exports\New folder\Points2018andBefore\Points2018andBefore.shp
6988,75.93722200,11.68055600,KRL/KOZ/54M14/2015/214,1.00000000,Hornblende-biotite gneiss,,,"Sulal NL  et al., 2016. Marcoscale Landslide Susceptibility Map for mountainous/hilly region on GIS platform for toposheets nos 49M/14 and 53A/3, Kozikode, Wayanad and Malappuram districts, Kerala. Unpub. GSI Report of FS 2014-16.",100.00000000,10.00000000,20.00000000,1000.00000000,Rainfall,,1000.00000000,,Kerala,Kozhikode,49M14,Padinjarethara forest,Active,Single,2007,,,,,Padinjarethara-Pulinjal Road,130.00000000,Debris,Flow,Rapid,Confined,Shallow translational failure,0.00000000,0.00000000,0.00000000,Lowly dissected hill,Wet,Moderate vegetation,,,,,,Retaining wall,,Porewater pressure,"2018",,,Points2018andBefore,C:\Users\swati\Desktop\Wayanad Exports\New folder\Points2018andBefore\Points2018andBefore.shp
26042,75.93690000,11.70340000,KL/WYD/49M14/2018/07,4.00000000,Charnockite gneiss,,A  successive  landslide  occurred  on  14th    June  2018  at Pulipparakunnu. The landslide initiated at the contact between rock and overburden in the form of debris slide and then transformed in to debris flow. Excessive rainfall is the triggering fac,,25.00000000,12.00000000,18.00000000,300.00000000,Heavy rainfall,Adjacent  to  this  landslide  another  landslide  with  similar properties was observed.,1200.00000000,III,Kerala,Wayanad,49M14,Pulipparakunnu Landslide,Reactivated,Successive,0,,,"0",,Mananthavady ?Co Niravilpuzha  road,0.00000000,Debris,Flow,Rapid,Retrogressive,Shallow rotational (?e? 5m) failure,0.00000000,0.00000000,0.00000000,Lowly dissected hill,Dry,Mixed cultivation,,,,,Agricultural land damaged,Precarious boulders along the debris flow path have to be removed. The natural flow of water should not be blocked along the nala.,,Landslide initiated at the contact between rock and overburden in the form of debris slide and then transformed in to debris flow. Excessive rainfall is the triggering factor which resulted in the reduction of strength on saturation and increase in pore,"2018",,,Points2018andBefore,C:\Users\swati\Desktop\Wayanad Exports\New folder\Points2018andBefore\Points2018andBefore.shp
26040,75.93710000,11.69410000,KL/WYD/49M14/2018/05,1.00000000,Charnockite gneiss,,A   debris   slide   was   occurred   on   14th     June   2018   at Valaramkunnu. Radial cracks developed on the upslope area. Debris material has reached up to nursery school downslope The main causes include (a) Unscientific slope modification and unp,,15.00000000,8.00000000,10.00000000,120.00000000,Heavy rainfall,Radial cracks developed on the upslope area. Debris material has reached up to nursery school downslope,60.00000000,III,Kerala,Wayanad,49M14,Valaramkunnu Landslide,Active,Single,0,,,"0",,Mananthavady ?Co Niravilpuzha road,350.00000000,Debris,Slide,Very rapid,Retrogressive,Shallow rotational (?e? 5m) failure,0.00000000,0.00000000,0.00000000,Lowly dissected hill,Dry,Mixed cultivation,,,,Road damaged,,Toe support with proper drainage conduits may be provided. Radial cracks are to be treated in order to avoid percolation of water.,,Unscientific slope modification and unprotected cut slope made for road construction. Incessant rainfall is the triggering factor which resulted in the reduction of strength on saturation and increase in pore water pressure.,"2018",,,Points2018andBefore,C:\Users\swati\Desktop\Wayanad Exports\New folder\Points2018andBefore\Points2018andBefore.shp
5651,75.94027800,11.70527800,KRL/WAY/54M14/2015/147,0.00000000,Charnockite,,,"Sulal NL  et al., 2016. Marcoscale Landslide Susceptibility Map for mountainous/hilly region on GIS platform for toposheets nos 49M/14 and 53A/3, Kozikode, Wayanad and Malappuram districts, Kerala. Unpub. GSI Report of FS 2014-16.",0.00000000,0.00000000,0.00000000,0.00000000,Rainfall,,0.00000000,,Kerala,Wayanad,49M14,Perigula,Dormant,Single,1999,,,,,Padinjarethara-Pulinjal Road,0.00000000,Rock cum Debris,Flow,Rapid,Confined,Shallow translational failure,0.00000000,0.00000000,0.00000000,Lowly dissected hill,Wet,Thick vegetation,,,,,,,,Porewater pressure,"2018",,,Points2018andBefore,C:\Users\swati\Desktop\Wayanad Exports\New folder\Points2018andBefore\Points2018andBefore.shp
5836,75.94222200,11.68500000,KRL/WAY/54M14/2015/153,0.00000000,Hornblende-biotite gneiss,,,"Sulal NL  et al., 2016. Marcoscale Landslide Susceptibility Map for mountainous/hilly region on GIS platform for toposheets nos 49M/14 and 53A/3, Kozikode, Wayanad and Malappuram districts, Kerala. Unpub. GSI Report of FS 2014-16.",0.00000000,0.00000000,0.00000000,0.00000000,Rainfall,,0.00000000,,Kerala,Wayanad,49M14,Himagiri estate,Active,Single,2006,,,,,Padinjarethara-Pulinjal Road,0.00000000,Earth,Subsidence,Moderate,Confined,Shallow translational failure,0.00000000,0.00000000,0.00000000,Lowly dissected hill,Wet,Moderate vegetation,,,,,,Retaining wall,,Porewater pressure,"2018",,,Points2018andBefore,C:\Users\swati\Desktop\Wayanad Exports\New folder\Points2018andBefore\Points2018andBefore.shp
25805,75.94311100,11.69177800,KL/WYD/49M14/2018/4,3.00000000,Charnockite,,,,135.00000000,6.00000000,70.00000000,0.00000000,Rainfall in mm,,0.00000000,,Kerala,Wayanad,49M14,Chiriyanaripara,Active,Single,0,,,"0",,Padinjarathara-Pulinjal Forest Rd,125.00000000,Debris,Flow,Very rapid,Retrogressive,Shallow planar failure,0.00000000,0.00000000,0.00000000,Lowly dissected hill,Wet,Forest/Coffee plantation,,,,road completely washed out,Forest,Drainage has to be channelised. Box culvert with suitable dimension should be provided at road bench level,,"pore water pressure,gully erosion","2018",,,Points2018andBefore,C:\Users\swati\Desktop\Wayanad Exports\New folder\Points2018andBefore\Points2018andBefore.shp
5654,75.94361100,11.68277800,KRL/WAY/54M14/2015/150,2.00000000,Charnockite,,,"Sulal NL  et al., 2016. Marcoscale Landslide Susceptibility Map for mountainous/hilly region on GIS platform for toposheets nos 49M/14 and 53A/3, Kozikode, Wayanad and Malappuram districts, Kerala. Unpub. GSI Report of FS 2014-16.",100.00000000,10.00000000,30.00000000,1000.00000000,Rainfall,,2000.00000000,,Kerala,Wayanad,49M14,Narrikal,Active,Single,2007,,,,,Padinjarethara-Pulinjal Road,0.00000000,Rock cum Debris,Flow,Rapid,Confined,Shallow translational failure,0.00000000,0.00000000,0.00000000,Lowly dissected hill,Wet,Thick vegetation,,,,,,,One House,Porewater pressure,"2018",,,Points2018andBefore,C:\Users\swati\Desktop\Wayanad Exports\New folder\Points2018andBefore\Points2018andBefore.shp
6990,75.94361100,11.68305600,KRL/KOZ/54M14/2015/216,0.00000000,Charnockite,,,"Sulal NL  et al., 2016. Marcoscale Landslide Susceptibility Map for mountainous/hilly region on GIS platform for toposheets nos 49M/14 and 53A/3, Kozikode, Wayanad and Malappuram districts, Kerala. Unpub. GSI Report of FS 2014-16.",0.00000000,0.00000000,0.00000000,0.00000000,Rainfall,,0.00000000,,Kerala,Kozhikode,49M14,Padinjarethara forest,Active,Single,2007,,,,,Padinjarethara-Pulinjal Road,0.00000000,Debris,Flow,Rapid,Confined,Shallow translational failure,0.00000000,0.00000000,0.00000000,Lowly dissected hill,Wet,Thick vegetation,,,,,,,,Porewater pressure,"2018",,,Points2018andBefore,C:\Users\swati\Desktop\Wayanad Exports\New folder\Points2018andBefore\Points2018andBefore.shp
5655,75.94472200,11.68861100,KRL/WAY/54M14/2015/151,0.00000000,Charnockite,,,"Sulal NL  et al., 2016. Marcoscale Landslide Susceptibility Map for mountainous/hilly region on GIS platform for toposheets nos 49M/14 and 53A/3, Kozikode, Wayanad and Malappuram districts, Kerala. Unpub. GSI Report of FS 2014-16.",0.00000000,0.00000000,0.00000000,0.00000000,Rainfall,,0.00000000,,Kerala,Wayanad,49M14,Varampatta,Dormant,Single,2011,,,,,Padinjarethara-Pulinjal Road,0.00000000,Rock,Fall,Rapid,Confined,,0.00000000,0.00000000,0.00000000,Lowly dissected hill,Wet,Moderate vegetation,,,,,,Retaining wall,,,"2018",,,Points2018andBefore,C:\Users\swati\Desktop\Wayanad Exports\New folder\Points2018andBefore\Points2018andBefore.shp
5839,75.96777800,11.66861100,KRL/WAY/54M14/2015/156,0.00000000,Hornblende-biotite gneiss,,,"Sulal NL  et al., 2016. Marcoscale Landslide Susceptibility Map for mountainous/hilly region on GIS platform for toposheets nos 49M/14 and 53A/3, Kozikode, Wayanad and Malappuram districts, Kerala. Unpub. GSI Report of FS 2014-16.",0.00000000,0.00000000,0.00000000,0.00000000,Rainfall,,0.00000000,,Kerala,Wayanad,49M14,Kottalakunnu,Active,Single,2004,,,,,Padinjarethara-Pulinjal Road,0.00000000,Debris,Flow,Rapid,Confined,Shallow translational failure,0.00000000,0.00000000,0.00000000,Lowly dissected hill,Wet,Thick vegetation,,,,,,,,Porewater pressure,"2018",,,Points2018andBefore,C:\Users\swati\Desktop\Wayanad Exports\New folder\Points2018andBefore\Points2018andBefore.shp
5837,75.96777800,11.67388900,KRL/KOZ/54M14/2015/154,0.00000000,Charnockite,,,"Sulal NL  et al., 2016. Marcoscale Landslide Susceptibility Map for mountainous/hilly region on GIS platform for toposheets nos 49M/14 and 53A/3, Kozikode, Wayanad and Malappuram districts, Kerala. Unpub. GSI Report of FS 2014-16.",0.00000000,0.00000000,0.00000000,0.00000000,Rainfall,,0.00000000,,Kerala,Kozhikode,49M14,Putiyanirathu,Active,Single,2006,,,,,SH54,0.00000000,Earth,Subsidence,Moderate,Confined,Shallow translational failure,0.00000000,0.00000000,0.00000000,Lowly dissected hill,Wet,Moderate vegetation,,,,,,Retaining wall,,Porewater pressure,"2018",,,Points2018andBefore,C:\Users\swati\Desktop\Wayanad Exports\New folder\Points2018andBefore\Points2018andBefore.shp
25391,75.96925000,11.66852800,KL/WYD/49M14/2018/9,1.00000000,Hornblende-biotite gneiss,,,,10.00000000,25.00000000,8.00000000,0.00000000,Rainfall in mm,,0.00000000,,Kerala,Wayanad,49M14,Naimoola,Active,Multiple,0,,,"0",,Vythiri-Tharuvana road,6.00000000,Rock cum debris,Slide,Very rapid,Retrogressive,Shallow planar failure,0.00000000,0.00000000,0.00000000,Pediplain,Dry,Low Height Plantation,,,,Road blocked,Coffee plantation,Entire slide stretch has to be protected with RC wall /masonry wall with weep holes. Cut slope  may be modified with easing of slope.,,"pore water pressure, reduction of strength on super-saturation, unplanned cutting of slope","2018",,,Points2018andBefore,C:\Users\swati\Desktop\Wayanad Exports\New folder\Points2018andBefore\Points2018andBefore.shp
26067,76.00770000,11.60660000,KL/WYD/58A2/2018/04,2.00000000,Schistose rock,,"An earth slide was occurred on 14th  June 2018 at Achoor, Vythiri resulted in the death of one person and damage to house. The important causes include (a) Unscientific slope modification and unprotected vertical cut slope made for house construction and",,20.00000000,45.00000000,15.00000000,900.00000000,Heavy rainfall,The houses at this location are built with vertical cut without any retaining wall. Weathered rock patch is also observed along the slide zone,1350.00000000,II,Kerala,Wayanad,58A02,Achoor (6th mile) Landslide,Active,Single,0,,,"0",,Vythiri ?Co Padinjarathara road,0.00000000,Soil,Slide,Very rapid,Retrogressive,Shallow rotational (?e? 5m) failure,0.00000000,0.00000000,0.00000000,Rolling plain,Dry,Mixed cultivation,1 No.,1 No.,,,Agricultural land,Easing  of  slope  with  benches.  The  vertical  cut  may  be protected with proper retaining wall with weep holes.,One house fully and one house partially damaged,Unscientific slope modification and unprotected vertical cut slope made for house construction. Incessant rainfall is the triggering factor which resulted in the reduction of strength on saturation and increase in pore water pressure.,"2018",,,Points2018andBefore,C:\Users\swati\Desktop\Wayanad Exports\New folder\Points2018andBefore\Points2018andBefore.shp
25804,76.00905600,11.56458300,KL/WYD/58A02/2018/19,4.00000000,Graphite-biotite schist,,,,90.00000000,25.00000000,50.00000000,0.00000000,Rainfall in mm,,0.00000000,,Kerala,Wayanad,58A02,kalloor,Active,Multiple,0,,,"0",,Sugandhagiri Kalloor Rd,60.00000000,Debris,Slide,Rapid,Retrogressive,Shallow rotational failure,0.00000000,0.00000000,0.00000000,Colluvial footslope,dripping,Low Height Plantation,,"5",,Road blocked,Agriculture/Forest,The stream has to be channelized. Gabion/ RC wall should be provided for toe support. Precarious boulders has to be removed and the slope should be modified..,one house washed out . One auto and bike damaged,Unplanned slope cut and heavy rainfall triggered the slide. Due to heavy downpour the pore water pressure increased and blocked nala got activated.,"2018",,,Points2018andBefore,C:\Users\swati\Desktop\Wayanad Exports\New folder\Points2018andBefore\Points2018andBefore.shp
25388,76.01502800,11.59783300,KL/WYD/58A02/2018/91,1.50000000,Hornblende-biotite gneiss,,,,7.00000000,100.00000000,6.00000000,0.00000000,Rainfall in mm,,0.00000000,,Kerala,Wayanad,58A02,Achoor,Active,Multiple,0,,,"0",,Vythiri-Tharuvana road,8.00000000,Rock cum debris,Slide,Very rapid,Retrogressive,Shallow planar failure,0.00000000,0.00000000,0.00000000,Pediplain,Dry,Tea plantation +Road cut,,,,Road blocked,Tea plantation,Toe has to be provided with Retaining wall / masonry wall with weep/drain holes with back filling. Forming of benches for slope.Drainage line must be channelized.,,"pore water pressure, reduction of strength on super-saturation, unplanned cutting of slope","2018",,,Points2018andBefore,C:\Users\swati\Desktop\Wayanad Exports\New folder\Points2018andBefore\Points2018andBefore.shp
25496,76.01805500,11.58583000,KL/WYD/58A02/2018/74,2.00000000,Charnockite,,,,9.00000000,25.00000000,8.00000000,0.00000000,Rainfall in mm,,0.00000000,,Kerala,Wayanad,58A02,Pozhuthana 1,Active,Multiple,0,,,"0",,Vythiri-Tharuvana road,6.00000000,Rock cum debris,Slide,Very rapid,Retrogressive,Shallow planar failure,0.00000000,0.00000000,0.00000000,Colluvial footslope,Dry,Low Height Plantation,,,,Road blocked,Forest,Slide stretch of road has to be provided with Retaining wall/masonry wall with weep holes. Slope easing/modification is needed with forming benches.,,"pore water pressure, reduction of strength on super-saturation, unplanned cutting of slope","2018",,,Points2018andBefore,C:\Users\swati\Desktop\Wayanad Exports\New folder\Points2018andBefore\Points2018andBefore.shp
6848,76.01825800,11.58872800,KRL/WAY/58A02/2015/50,0.50000000,Charnockite,,,"Trideep  et al., 2016. Marcoscale Landslide Susceptibility Mapping of Mananthavady-Kalpetta-Sultan Battery-Vazhikkadavu area in parts of toposheets nos 58A/1, A/2, A/5, A/6, A/7 and A/11, Wayanad and Malappuram districts, Kerala. Unpub. GSI Report of FS",3.00000000,2.50000000,13.00000000,7.50000000,Rainfall,,3.75000000,,Kerala,Wayanad,58A02,,Stabilized,Single,0,,,,,Vythiri - Tharuvana Road,5.00000000,Debris,Slide,Moderate,Retrogressive,Shallow translational failure,0.00000000,0.00000000,0.00000000,Rolling plain,Wet,Moderate vegetation,,,,,,,,Pore water pressure,"2018",,,Points2018andBefore,C:\Users\swati\Desktop\Wayanad Exports\New folder\Points2018andBefore\Points2018andBefore.shp
25497,76.01916600,11.56944400,KL/WYD/58A02/2018/75,1.00000000,Charnockite,,,,10.00000000,12.00000000,9.00000000,0.00000000,Rainfall in mm,,0.00000000,,Kerala,Wayanad,58A02,Pozhuthana 2,Active,Single,0,,,"0",,Vythiri-Tharuvana road,8.00000000,Rock cum debris,Slide,Very rapid,Retrogressive,Shallow planar failure,0.00000000,0.00000000,0.00000000,Lowly dissected hill,Dry,Low Height Plantation,,,,Road blocked,Coffee plantation,Toe has to be protected with random rubble wall /gabion wall with easing of slope.,,"pore water pressure, reduction of strength on super-saturation, unplanned cutting of slope","2018",,,Points2018andBefore,C:\Users\swati\Desktop\Wayanad Exports\New folder\Points2018andBefore\Points2018andBefore.shp
25518,76.01972200,11.56861100,KL/WYD/58A02/2018/76,2.00000000,Charnockite,,,,10.00000000,50.00000000,9.00000000,0.00000000,Rainfall in mm,,0.00000000,,Kerala,Wayanad,58A02,Pozhuthana 3,Active,Multiple,0,,,"0",,Vythiri-Tharuvana road,10.00000000,Rock cum debris,Slide,Very rapid,Retrogressive,Shallow planar failure,0.00000000,0.00000000,0.00000000,Lowly dissected hill,Dry,Low Height Plantation,,,,Road blocked,Coffee plantation,Retaining wall / masonry wall with weep/drain holes has to be provided for vulnerable stretch as settlement is located just above the crown.Slope may be modified with easing of slope with forming benches.,,"pore water pressure, reduction of strength on super-saturation, unplanned cutting of slope","2018",,,Points2018andBefore,C:\Users\swati\Desktop\Wayanad Exports\New folder\Points2018andBefore\Points2018andBefore.shp
25519,76.02833300,11.56777700,KL/WYD/58A02/2018/77,3.00000000,Charnockite,,,,17.00000000,35.00000000,14.00000000,0.00000000,Rainfall in mm,,0.00000000,,Kerala,Wayanad,58A02,12th bridge,Active,Multiple,0,,,"0",,Vythiri-Tharuvana road,10.00000000,Rock cum debris,Slide,Very rapid,Retrogressive,Shallow planar failure,0.00000000,0.00000000,0.00000000,Lowly dissected hill,Dry,Low Height Plantation,,,,Road blocked,Coffee plantation,Toe has to be protected with random rubble wall /gabion wall with easing of slope is recommended.,,"pore water pressure, reduction of strength on super-saturation, unplanned cutting of slope","2018",,,Points2018andBefore,C:\Users\swati\Desktop\Wayanad Exports\New folder\Points2018andBefore\Points2018andBefore.shp
25355,76.02827300,11.59652800,KL/WYD/58A02/2018/95,4.00000000,Hornblende-biotite gneiss,,,,17.00000000,40.00000000,10.00000000,0.00000000,Rainfall in mm,Lateritic soil cover,0.00000000,,Kerala,Wayanad,58A02,Chenamala 3,Active,Multiple,0,,,"0",,Anoth local road,10.00000000,Debris,Slide,Extremely rapid,Retrogressive,Shallow planar failure,0.00000000,0.00000000,0.00000000,Pediplain,Dripping,Low Height Plantation,,,,Road completely collapsed/damaged,Coffee + mixed plantation,It is suggested to provide RR wall/gabion at toe with weep holes for entire vulnerable stretch to avoid retrogression of the slide. Slope has to be modified to form benches. Sewage/drainage water at road side/toe portion has to be channelized.,,"pore water pressure, reduction of strength on super-saturation, unplanned cutting of slope","2018",,,Points2018andBefore,C:\Users\swati\Desktop\Wayanad Exports\New folder\Points2018andBefore\Points2018andBefore.shp
25356,76.02786100,11.62777800,KL/WYD/58A02/2018/96,2.00000000,Charnockite,,,,17.00000000,20.00000000,12.00000000,0.00000000,Rainfall in mm,,0.00000000,,Kerala,Wayanad,58A02,Thekumthara,Active,Multiple,0,,,"0",,Pinangode-Thekumthara local road,10.00000000,Soil,Slide,Very rapid,Retrogressive,Shallow planar failure,0.00000000,0.00000000,0.00000000,Pediplain,Dry,Low Height Plantation,,,,Road blocked,Coffee + mixed plantation,Toe has to be protected with random rubble wall /gabion wall with easing of slope is recommended. Trees inside the slide has to be uprooted.,,"pore water pressure, reduction of strength on super-saturation, unplanned cutting of slope","2018",,,Points2018andBefore,C:\Users\swati\Desktop\Wayanad Exports\New folder\Points2018andBefore\Points2018andBefore.shp
25495,76.03111000,11.56611100,KL/WYD/58A02/2018/73,2.00000000,Charnockite,,,,9.00000000,40.00000000,8.00000000,0.00000000,Rainfall in mm,,0.00000000,,Kerala,Wayanad,58A02,Vythiri Pozhuthana Rd,Active,Multiple,0,,,"0",,Vythiri Pozhuthana Rd,7.00000000,Rock cum debris,Slide,Very rapid,Retrogressive,Shallow planar failure,0.00000000,0.00000000,0.00000000,Lowly dissected hill,Dry,Settlement above the road,,,,Road blocked,Settlement,Slide toe must be provided with Retaining wall/masonry wall with weep holes. Slope easing/modification is needed with forming benches.,house located above the crown,"pore water pressure, reduction of strength on super-saturation, unplanned cutting of slope","2018",,,Points2018andBefore,C:\Users\swati\Desktop\Wayanad Exports\New folder\Points2018andBefore\Points2018andBefore.shp
25357,76.03088900,11.64625000,KL/WYD/58A02/2018/97,5.00000000,Granite gneiss,,,,30.00000000,140.00000000,12.00000000,0.00000000,Rainfall in mm,Detail study needed.,0.00000000,,Kerala,Wayanad,58A02,Korattapadi,Active,Multiple,0,,,"0",,Thekumthara-Korattapadi local road,15.00000000,Soil,Creep,Moderate,Retrogressive,Shallow planar failure,0.00000000,0.00000000,0.00000000,Pediplain,Wet,Settlement + mixed plantation,,,,Road susidence/creeping at 1m depth half road subsided,Agriculture,Temporary measures may be provided immediately eg. road subsidence stretch has to be provided with retaining structure with weep holes at below road level. Toe portion has to be provided with suitable support structures. Drainage has to be channelized. D,,"pore water pressure, reduction of strength on super-saturation, unplanned construction","2018",,,Points2018andBefore,C:\Users\swati\Desktop\Wayanad Exports\New folder\Points2018andBefore\Points2018andBefore.shp
25691,76.03427800,11.58477800,KL/WYD/58A02/2018/2,5.00000000,Charnockite,,,,165.00000000,35.00000000,60.00000000,0.00000000,Rainfall in mm,Overburden thickness is >5 above the slip face.,0.00000000,,Kerala,Wayanad,58A02,Ammara anganvadi,Active,Single,0,,,"0",,Chundale-Anoth Road,0.00000000,Debris,Slide,Rapid,Retrogressive,Shallow rotational failure,0.00000000,0.00000000,0.00000000,Lowly dissected hill,Dripping,Plantation,,,,Road blocked and damaged,,Drainage has to be channelized. Slope should be modified with berm or benches. Retaining wall with weep holes should be provided above the free face. Precarious boulders should be removed from the slope and the trees should be uprooted inside the slided,,Gully erosion along the nala and increase in pore water pressure reactivated palaeoslide due to heavy rainfall.,"2018",,,Points2018andBefore,C:\Users\swati\Desktop\Wayanad Exports\New folder\Points2018andBefore\Points2018andBefore.shp
25387,76.03441700,11.59316700,KL/WYD/58A02/2018/90,2.00000000,Hornblende-biotite gneiss,,,,13.00000000,25.00000000,10.00000000,0.00000000,Rainfall in mm,,0.00000000,,Kerala,Wayanad,58A02,Anoth 2,Active,Single,0,,,"0",,Anoth Road,10.00000000,Soil,Slide,Rapid,Retrogressive,Shallow planar failure,0.00000000,0.00000000,0.00000000,Pediplain,Wet,Low Height Plantation,,,,Road blocked,,Toe has to be provided with Retaining wall / masonry wall with weep/drain holes with back filling. Forming of benches for slope.,,"pore water pressure, reduction of strength on super-saturation, unplanned cutting of slope","2018",,,Points2018andBefore,C:\Users\swati\Desktop\Wayanad Exports\New folder\Points2018andBefore\Points2018andBefore.shp
25494,76.03750000,11.55833300,KL/WYD/58A02/2018/72,1.00000000,Charnockite,,,,12.00000000,18.00000000,11.00000000,0.00000000,Rainfall in mm,,0.00000000,,Kerala,Wayanad,58A02,Vythiri 1,Active,Multiple,0,,,"0",,NH-212,10.00000000,Rock cum debris,Slide,Very rapid,Retrogressive,Shallow planar failure,0.00000000,0.00000000,0.00000000,Lowly dissected hill,Dry,Low Height Plantation,,,,Road blocked,Coffee plantation,Slide stretch of road has to be provided with Retaining wall/masonry wall with weep holes. Slope easing/modification is needed with forming benches.,,"pore water pressure, reduction of strength on super-saturation, unplanned cutting of slope","2018",,,Points2018andBefore,C:\Users\swati\Desktop\Wayanad Exports\New folder\Points2018andBefore\Points2018andBefore.shp
25386,76.03736100,11.59269400,KL/WYD/58A02/2018/89,3.00000000,Granite gneiss,,,,30.00000000,45.00000000,25.00000000,0.00000000,Rainfall in mm,,0.00000000,,Kerala,Wayanad,58A02,Anoth 1,Active,Multiple,0,,,"0",,Anoth Road,20.00000000,Rock cum debris,Slide,Very rapid,Retrogressive,Shallow planar failure,0.00000000,0.00000000,0.00000000,Pediplain,Wet,Low Height Plantation,,,,Road damaged,Coffee plantation,"Toe has to be protected with random rubble wall /gabion wall and drainage to be channelized properly, Trees inside the slide to be uprooted.",,"pore water pressure, reduction of strength on super-saturation, gully erosion, unplanned cutting of slope","2018",,,Points2018andBefore,C:\Users\swati\Desktop\Wayanad Exports\New folder\Points2018andBefore\Points2018andBefore.shp
25690,76.03888900,11.55277800,KL/WYD/58A02/2018/1,6.00000000,Charnockite,,,,27.00000000,22.00000000,17.00000000,0.00000000,Rainfall in mm,"House of Rukhia, Paloor house, Vaithiri has to be re located. One house, Bus stand building, Hayathul Islam Madrassa   (Rukhia, Khadimul islam Sangam-Reg no 45/83, Hayathul Islam Madrassa  )",0.00000000,,Kerala,Wayanad,58A02,Vythiri busstand,Active,Single,0,,,"0",,NH-212,12.00000000,Debris,Slide,Rapid,Retrogressive,Shallow planar failure,0.00000000,0.00000000,0.00000000,Lowly dissected hill,Wet,Settlements,,,,Road culvert along the stream path is clogged allowing restricted flow of water.,,"1.The vertical cut has to be protected by retaining wall with weep holes. At right flank, already provided retaining wall has to be extended up to 10m.
2.At left and right flanks of the slide has to be protected with retaining wall as the crack observed","2 floor building collapsed, a car and van damaged.","Pore water pressure, reduction of strength on super-saturation. Unscientific slope cut without proper toe support.","2018",,,Points2018andBefore,C:\Users\swati\Desktop\Wayanad Exports\New folder\Points2018andBefore\Points2018andBefore.shp
25823,76.03833300,11.58550000,KL/WYD/58A02/2018/5,2.00000000,Charnockite,,,,45.00000000,4.00000000,10.00000000,0.00000000,Rainfall in mm,On 9th August 2018 debris slide occurred at Chundale estate area. The slide occurred due to porewater pressure and reduction of strength of soil on super saturation caused by heavy downpour. It is suggested to provide RR wall/gabion/breast wall as per th,0.00000000,,Kerala,Wayanad,58A02,Chundel estate 4,Active,Single,0,,,"0",,Chundale-Anoth Road,37.00000000,Debris,Flow,Rapid,Retrogressive,Shallow planar failure,0.00000000,0.00000000,0.00000000,Lowly dissected hill,Wet,Thick Vegetation,,,,Road blocked,Coffee plantation,Settlement located at left flank to be provided with gabion wall.,,"pore water pressure, reduction of strength on super-saturation","2018",,,Points2018andBefore,C:\Users\swati\Desktop\Wayanad Exports\New folder\Points2018andBefore\Points2018andBefore.shp
25822,76.03836100,11.58455600,KL/WYD/58A02/2018/4,2.00000000,Charnockite,,,,50.00000000,7.00000000,40.00000000,0.00000000,Rainfall in mm,,0.00000000,,Kerala,Wayanad,58A02,Chundel estate 3,Active,Single,0,,,"0",,Chundale-Anoth Road,40.00000000,Debris,Slide,Moderate,Retrogressive,Shallow planar failure,0.00000000,0.00000000,0.00000000,Lowly dissected hill,Wet,Tea Plantation,,,,Road blocked and damaged,Tea Plantation,To be provided with RR wall/gabion/breast wall with proper drainage outlet.,,"pore water pressure, reduction of strength on super-saturation","2018",,,Points2018andBefore,C:\Users\swati\Desktop\Wayanad Exports\New folder\Points2018andBefore\Points2018andBefore.shp
25692,76.03900000,11.58519400,KL/WYD/58A02/2018/3,5.00000000,Charnockite,,,,90.00000000,8.00000000,60.00000000,0.00000000,Rainfall in mm,On 9th August 2018 debris slide occurred at Chundale estate area. The slide occurred due to pore water pressure and reduction of strength of soil on super saturation caused by heavy downpour. It is suggested to provide RR wall/gabion/breast wall. As per,0.00000000,,Kerala,Wayanad,58A02,Chundel estate 2,Active,Single,0,,,"0",,Chundale-Anoth Road,50.00000000,Debris,Slide,Moderate,Retrogressive,Shallow planar failure,0.00000000,0.00000000,0.00000000,Lowly dissected hill,Wet,Tea Plantation,,,,Road blocked,Tea Plantation,Reinforced retaining  wall with proper drainage outlet should be provided.,,"pore water pressure, reduction of strength on super-saturation","2018",,,Points2018andBefore,C:\Users\swati\Desktop\Wayanad Exports\New folder\Points2018andBefore\Points2018andBefore.shp
25515,76.04338900,11.56658300,KL/WYD/58A02/2018/49,1.00000000,Charnockite,,,,20.00000000,8.00000000,15.00000000,0.00000000,Rainfall in mm,,0.00000000,,Kerala,Wayanad,58A02,Chelode 1,Active,Single,0,,,"0",,NH-212,15.00000000,Debris,Slide,Very rapid,Retrogressive,Shallow planar failure,0.00000000,0.00000000,0.00000000,Lowly dissected hill,Dry,Low Height Plantation,,,,,Coffee plantation affected/washed,Toe has to be protected with random rubble wall /gabion wall/ masonry wall. Precarious boulders to be removed from the slide material and easing of slope.,,"pore water pressure, reduction of strength on super-saturation","2018",,,Points2018andBefore,C:\Users\swati\Desktop\Wayanad Exports\New folder\Points2018andBefore\Points2018andBefore.shp
25516,76.04397200,11.56875000,KL/WYD/58A02/2018/50,3.00000000,Charnockite,,,,30.00000000,15.00000000,22.00000000,0.00000000,Rainfall in mm,,0.00000000,,Kerala,Wayanad,58A02,Chelode 2,Active,Single,0,,,"0",,NH-212,20.00000000,Rock cum debris,Flow,Very rapid,Retrogressive,Shallow planar failure,0.00000000,0.00000000,0.00000000,Lowly dissected hill,Dripping,Low Height Plantation,,,,Road blocked and removed by local authority,Tea + Coffee plantation,Toe has to be protected with random rubble wall /gabion wall/ masonry wall with proper drainage outlet. Precarious boulders to be removed from the slide material and easing of slope.,,"pore water pressure, toe erosion by stream, gully erosion","2018",,,Points2018andBefore,C:\Users\swati\Desktop\Wayanad Exports\New folder\Points2018andBefore\Points2018andBefore.shp
25517,76.04416700,11.57127800,KL/WYD/58A02/2018/51,2.00000000,Charnockite,,,,7.00000000,12.00000000,6.00000000,0.00000000,Rainfall in mm,,0.00000000,,Kerala,Wayanad,58A02,Chelode 3,Active,Single,0,,,"0",,NH-212,10.00000000,Debris,Slide,Very rapid,Retrogressive,Shallow planar failure,0.00000000,0.00000000,0.00000000,Lowly dissected hill,Dry,Pepper,,,,,Mixed plantation,RR stone wall/gabion wall for protection of toe.Easing of slope.,,"pore water pressure, reduction of strength on super-saturation","2018",,,Points2018andBefore,C:\Users\swati\Desktop\Wayanad Exports\New folder\Points2018andBefore\Points2018andBefore.shp
25539,76.04500000,11.57294400,KL/WYD/58A02/2018/52,1.00000000,Charnockite,,,,7.00000000,120.00000000,6.00000000,0.00000000,Rainfall in mm,,0.00000000,,Kerala,Wayanad,58A02,Chelode 4,Active,Multiple,0,,,"0",,NH-212,8.00000000,Debris,Slide,Very rapid,Retrogressive,Shallow planar failure,0.00000000,0.00000000,0.00000000,Lowly dissected hill,Dry,Tea plantation boundry/NH cutting,,,,Road blocked by slide and debris,Tea plantation,Retaining wall / masonry wall with weep/drain holes has to be provided at the cut face along NH-212 with back filling and easing of slope.,,"pore water pressure, reduction of strength on super-saturation, unplanned cutting of slope","2018",,,Points2018andBefore,C:\Users\swati\Desktop\Wayanad Exports\New folder\Points2018andBefore\Points2018andBefore.shp
25514,76.04786100,11.58516700,KL/WYD/58A02/2018/48,1.00000000,Granite gneiss,,,,12.00000000,7.00000000,10.00000000,0.00000000,Rainfall in mm,,0.00000000,,Kerala,Wayanad,58A02,Sreepuram ST colony 3,Active,Single,0,,,"0",,Chundale-Shivapuram road,5.00000000,Debris,Slide,Very rapid,Retrogressive,Shallow planar failure,0.00000000,0.00000000,0.00000000,Pediplain,Wet,Settlement (ST Colany),,,,,Settlement,Toe has to be protected with random rubble wall /gabion wall/ masonry wall with proper drainage outlet. Downslope may be loaded with earth materials.,,"pore water pressure, reduction of strength on super-saturation","2018",,,Points2018andBefore,C:\Users\swati\Desktop\Wayanad Exports\New folder\Points2018andBefore\Points2018andBefore.shp
25513,76.04830600,11.58555600,KL/WYD/58A02/2018/47,1.00000000,Granite gneiss,,,,15.00000000,4.00000000,12.00000000,0.00000000,Rainfall in mm,,0.00000000,,Kerala,Wayanad,58A02,Sreepuram ST colony 2,Active,Single,0,,,"0",,Chundale-Shivapuram road,5.00000000,Debris,Slide,Rapid,Retrogressive,Shallow planar failure,0.00000000,0.00000000,0.00000000,Pediplain,Dripping,Settlement (ST Colany),,,,,,Main scarp has to be protected with random rubble wall / stone wall. Downslope may loaded with earth material to stabilise the slope. On the right flank existing nala has to be channelised.,,"pore water pressure, reduction of strength on super-saturation, gully erosion","2018",,,Points2018andBefore,C:\Users\swati\Desktop\Wayanad Exports\New folder\Points2018andBefore\Points2018andBefore.shp
25512,76.05083300,11.58430600,KL/WYD/58A02/2018/46,1.00000000,Granite gneiss,,,,10.00000000,7.00000000,14.00000000,0.00000000,"Rainfall in mm, anthropogenic factors likeRoad cutting",,0.00000000,,Kerala,Wayanad,58A02,Sreepuram ST colony 1,Active,Single,0,,,"0",,Chundale-Shivapuram road,5.00000000,Debris,Slide,Rapid,Retrogressive,Shallow planar failure,0.00000000,0.00000000,0.00000000,Colluvial footslope,Wet,Settlement,,,,,Plantation above the crown,Unscientific slope cut without toe support for construction. RC wall / masonry wall with weep holes has to be provided at the cut face with back filling and easing of slope.,wall of the house is having cracks,unplanned cutting of slope,"2018",,,Points2018andBefore,C:\Users\swati\Desktop\Wayanad Exports\New folder\Points2018andBefore\Points2018andBefore.shp
25659,76.05241700,11.60555600,KL/WYD/58A02/2018/31,8.00000000,Granite gneiss,,,,30.00000000,45.00000000,20.00000000,0.00000000,"Rainfall in mm, anthropogenic factors likeRoad cutting",,0.00000000,,Kerala,Wayanad,58A02,Vellaram kunnu 2,Active,Multiple,0,,,"0",,Puzhamudy-VellaramKunnu Road,35.00000000,Debris,Flow,Very rapid,Retrogressive,Shallow rotational failure,0.00000000,0.00000000,0.00000000,Lowly dissected hill,Wet,Low Height Plantation,,,,Road blocked and damaged,Agriculture coffee,"Drainage should to be channelised, Box culvert with suitable dimension should be provided at road bench level",,"pore water pressure, gully erosion","2018",,,Points2018andBefore,C:\Users\swati\Desktop\Wayanad Exports\New folder\Points2018andBefore\Points2018andBefore.shp
25658,76.05433300,11.56612200,KL/WYD/58A02/2018/30,2.00000000,Charnockite,,,,50.00000000,15.00000000,30.00000000,0.00000000,Rainfall in mm,,0.00000000,,Kerala,Wayanad,58A02,Chelode estate,Active,Multiple,0,,,"0",,Chundale-Olivumala Road,80.00000000,Rock cum debris,Slide,Rapid,Advancing,Shallow planar failure,0.00000000,0.00000000,0.00000000,Lowly dissected hill,Wet,Tea Plantation + Forest,,,,,"Tea plantation , Originate forest",Precarious boulders and debris materials has to be removed from the slide area and the drainage has to be channelised.,,"Toe erosion by stream, gully erosion","2018",,,Points2018andBefore,C:\Users\swati\Desktop\Wayanad Exports\New folder\Points2018andBefore\Points2018andBefore.shp
6850,76.06024200,11.57786900,KRL/WAY/58A02/2015/52,1.50000000,Charnockite,,,"Trideep  et al., 2016. Marcoscale Landslide Susceptibility Mapping of Mananthavady-Kalpetta-Sultan Battery-Vazhikkadavu area in parts of toposheets nos 58A/1, A/2, A/5, A/6, A/7 and A/11, Wayanad and Malappuram districts, Kerala. Unpub. GSI Report of FS",30.00000000,40.00000000,25.00000000,1200.00000000,Rainfall,,1800.00000000,,Kerala,Wayanad,58A02,,Active,Complex,0,,,,,Kozhikode - Mysore - Kollegadi Highway,0.00000000,Earth,Slide,Moderate,Advancing,Shallow translational failure,0.00000000,0.00000000,0.00000000,Rolling plain,Wet,Extensive slope cut,,,,,,Retaining wall,,Pore water pressure,"2018",,,Points2018andBefore,C:\Users\swati\Desktop\Wayanad Exports\New folder\Points2018andBefore\Points2018andBefore.shp
25493,76.06250000,11.58055500,KL/WYD/58A02/2018/71,3.00000000,Charnockite,,,,40.00000000,5.00000000,25.00000000,0.00000000,Rainfall in mm,,0.00000000,,Kerala,Wayanad,58A02,Vellaramkunnu 7,Active,Multiple,0,,,"0",,NH-212,35.00000000,Rock cum debris,Slide,Extremely rapid,Retrogressive,Shallow planar failure,0.00000000,0.00000000,0.00000000,Pediplain,Wet,Low Height Plantation,,,,Road cracked,Coffee plantation,Retaining wall / masonry wall with weep/drain holes has to be provided at the cut face down slope as the crown affected the road bench level. Down slope may be modified with easing of slope with forming benches. Drainage to be channelized properly.,,"pore water pressure, reduction of strength on super-saturation, gully erosion","2018",,,Points2018andBefore,C:\Users\swati\Desktop\Wayanad Exports\New folder\Points2018andBefore\Points2018andBefore.shp
25383,76.06277700,11.58138800,KL/WYD/58A02/2018/70,2.00000000,Charnockite,,,,9.00000000,55.00000000,8.00000000,0.00000000,Rainfall in mm,,0.00000000,,Kerala,Wayanad,58A02,Vellaramkunnu 6,Active,Multiple,0,,,"0",,NH-212,8.00000000,Rock cum debris,Slide,Extremely rapid,Retrogressive,Shallow planar failure,0.00000000,0.00000000,0.00000000,Pediplain,Dry,Low Height Plantation,,,,Road blocked,Coffee plantation,Toe has to be protected with random rubble wall /gabion wall with easing of slope is recommended.,,"pore water pressure, reduction of strength on super-saturation, unplanned cutting of slope","2018",,,Points2018andBefore,C:\Users\swati\Desktop\Wayanad Exports\New folder\Points2018andBefore\Points2018andBefore.shp
25382,76.06305500,11.58222200,KL/WYD/58A02/2018/69,3.00000000,Charnockite,,,,45.00000000,30.00000000,40.00000000,0.00000000,Rainfall in mm,,0.00000000,,Kerala,Wayanad,58A02,Vellaramkunnu 5,Active,Multiple,0,,,"0",,NH-212,30.00000000,Rock cum debris,Slide,Extremely rapid,Retrogressive,Shallow planar failure,0.00000000,0.00000000,0.00000000,Pediplain,Dry,"BelowRoad bench level coffee plantation, aboveRoad level Coffee plantation.",,,,,"Agriculture, coffee plantation","Retaining wall / masonry wall with weep/drain holes has to be provided at the cut face down slope, as the crown affected the road bench level. Down slope may be modified with easing of slope with forming benches.",road cracks + crown crack affectedRoad,"pore water pressure, reduction of strength on super-saturation","2018",,,Points2018andBefore,C:\Users\swati\Desktop\Wayanad Exports\New folder\Points2018andBefore\Points2018andBefore.shp
25381,76.06333000,11.58500000,KL/WYD/58A02/2018/68,1.00000000,Charnockite,,,,9.00000000,10.00000000,8.00000000,0.00000000,Rainfall in mm,,0.00000000,,Kerala,Wayanad,58A02,Vellaramkunnu 4,Active,Multiple,0,,,"0",,NH-212,5.00000000,Rock cum debris,Slide,Very rapid,Retrogressive,Shallow planar failure,0.00000000,0.00000000,0.00000000,Pediplain,Dry,Low Height Plantation,,,,Road blocked,Coffee planatation,Retaining wall / masonry wall with weep/drain holes has to be provided.,,"pore water pressure, reduction of strength on super-saturation, unplanned cutting of slope","2018",,,Points2018andBefore,C:\Users\swati\Desktop\Wayanad Exports\New folder\Points2018andBefore\Points2018andBefore.shp
25385,76.06594400,11.61488900,KL/WYD/58A02/2018/88,3.00000000,Granite gneiss,,,,35.00000000,120.00000000,20.00000000,0.00000000,Rainfall in mm,,0.00000000,,Kerala,Wayanad,58A02,Edaguni,Active,Multiple,0,,,"0",,SH-54,25.00000000,Soil,Subsidence,Rapid,Retrogressive,Shallow planar failure,0.00000000,0.00000000,0.00000000,Pediplain,Wet,Settlement + coffee plantation,,,,,Agriculture,Toe portion has to be provided with retaining wall / masonry wall with weep/drain holes has to be provided for vulnerable stretch as settlement completely damaged located just above the crown .Slope may be modified by forming benches.,one house damaged. Cracks developed in 3-4 house,"pore water pressure, reduction of strength on super-saturation, unplanned construction","2018",,,Points2018andBefore,C:\Users\swati\Desktop\Wayanad Exports\New folder\Points2018andBefore\Points2018andBefore.shp
25808,76.06791700,11.58427800,KL/WYD/58A02/2018/20,9.00000000,Charnockite,,,,45.00000000,25.00000000,20.00000000,0.00000000,"Rainfall in mm , Anthropogenic factors likeRoad cutting",,0.00000000,,Kerala,Wayanad,58A02,Vellaram kunnu 1,Active,Multiple,0,,,"0",,NH-212,100.00000000,Debris,Slide,,Retrogressive,Deep rotational failure,0.00000000,0.00000000,0.00000000,Colluvial footslope,Wet,Low Height Plantation,1 person died,,,Road blocked,Forest,Retaining wall /masonry wall should be provided to cover main scarp and side flanks to control the reactivation. Entire stretch has to be protected with retaining wall with weep holes with back filling and easing the slope with benches. Toe support shoul,,The slide happened due to unscientific cutting of slope and rainfall. Due to heavy downpour the pore pressure increased.,"2018",,,Points2018andBefore,C:\Users\swati\Desktop\Wayanad Exports\New folder\Points2018andBefore\Points2018andBefore.shp
25380,76.06833300,11.59111100,KL/WYD/58A02/2018/67,2.00000000,Granite gneiss,,,,10.00000000,100.00000000,9.00000000,0.00000000,Rainfall in mm,,0.00000000,,Kerala,Wayanad,58A02,Vellaramkunnu 3,Active,Multiple,0,,,"0",,NH-212,6.00000000,Rock cum debris,Slide,Very rapid,Retrogressive,Shallow planar failure,0.00000000,0.00000000,0.00000000,Lowly dissected hill,Wet,Low Height Plantation,,,,Road (NH) blocked,Forest + coffee,Retaining wall / masonry wall with weep/drain holes has to be provided with back filling along road stretch of NH-212 to avoid further blockage/damage of road by reactivation of slide.,,"pore water pressure, reduction of strength on super-saturation, unplanned cutting of slope","2018",,,Points2018andBefore,C:\Users\swati\Desktop\Wayanad Exports\New folder\Points2018andBefore\Points2018andBefore.shp
25538,76.06908300,11.60169400,KL/WYD/58A02/2018/93,2.00000000,Granite gneiss,,,,7.00000000,10.00000000,5.00000000,0.00000000,Rainfall in mm,,0.00000000,,Kerala,Wayanad,58A02,Chenamala 1,Active,Single,0,,,"0",,Thurkey bazar-Kaithakolly local road,5.00000000,Debris,Slide,Very rapid,Retrogressive,Shallow planar failure,0.00000000,0.00000000,0.00000000,Pediplain,Dry,Low Height Plantation,,,,Road blocked,"Forest, coffee plantation",Toe has to be protected with random rubble wall /gabion wall with easing of slope is recommended.,,"pore water pressure, reduction of strength on super-saturation, unplanned cutting of slope","2018",,,Points2018andBefore,C:\Users\swati\Desktop\Wayanad Exports\New folder\Points2018andBefore\Points2018andBefore.shp
25553,76.06994400,11.60177800,KL/WYD/58A02/2018/94,6.00000000,Granite gneiss,N60E/ vertical,,,75.00000000,45.00000000,50.00000000,0.00000000,Rainfall in mm,,0.00000000,,Kerala,Wayanad,58A02,Chenamala 2,Active,Multiple,0,,,"0",,Thurkey bazar-Kaithakolly local road,15.00000000,Debris,Slide,Very rapid,Retrogressive,Shallow planar failure,0.00000000,0.00000000,0.00000000,Pediplain,Dry,Settlement,,,,Road blocked,,Detail study needed for appropriate remedial measures.,2 house affected,"pore water pressure, reduction of strength on super-saturation, unplanned cutting of slope, unplanned construction","2018",,,Points2018andBefore,C:\Users\swati\Desktop\Wayanad Exports\New folder\Points2018andBefore\Points2018andBefore.shp
25540,76.07755600,11.57205600,KL/WYD/58A02/2018/53,1.00000000,Charnockite,,,,7.00000000,12.00000000,6.00000000,0.00000000,Rainfall in mm,,0.00000000,,Kerala,Wayanad,58A02,Odathode,Active,Multiple,0,,,"0",,NH-212,5.00000000,Debris,Slide,Very rapid,Retrogressive,Shallow planar failure,0.00000000,0.00000000,0.00000000,Pediplain,Dry,Tea plantation,,,,Road blocked +,Tea plantation,RR stone wall/gabion wall for protection of toe. Further toe cutting is not recommended.,,"pore water pressure, reduction of strength on super-saturation","2018",,,Points2018andBefore,C:\Users\swati\Desktop\Wayanad Exports\New folder\Points2018andBefore\Points2018andBefore.shp
25775,76.08027800,11.56894400,KL/WYD/58A02/2018/42,3.00000000,Charnockite,,,,100.00000000,8.00000000,65.00000000,0.00000000,Rainfall in mm,,0.00000000,,Kerala,Wayanad,58A02,Odathodu temple,Active,Multiple,0,,,"0",,Odathodu-Annapara road,90.00000000,Rock cum debris,Flow,Very rapid,Retrogressive,Shallow planar failure,0.00000000,0.00000000,0.00000000,Lowly dissected hill,Wet,Tea plantation,,,,,Tea plantation washed out,Precarious boulders and debris materials has to be removed from the slide area and the drainage has to be channelised. Box culvert has to be provided at the road bench level.,,"pore water pressure, reduction of strength on super-saturation, toe erosion by stream","2018",,,Points2018andBefore,C:\Users\swati\Desktop\Wayanad Exports\New folder\Points2018andBefore\Points2018andBefore.shp
25501,76.08002800,11.59483300,KL/WYD/58A02/2018/92,1.00000000,Granite gneiss,,,,13.00000000,6.00000000,10.00000000,0.00000000,Rainfall in mm,,0.00000000,,Kerala,Wayanad,58A02,Chuzhali,Active,Single,0,,,"0",,Kunnampetta-Madiyoor-Kuni road,8.00000000,Debris,Slide,Very rapid,Retrogressive,Shallow planar failure,0.00000000,0.00000000,0.00000000,Pediplain,Dry,Low Height Plantation,,,,Road blocked,Coffee plantation,Toe has to be protected with random rubble wall /gabion wall with easing of slope is recommended.,,"pore water pressure, reduction of strength on super-saturation, unplanned cutting of slope","2018",,,Points2018andBefore,C:\Users\swati\Desktop\Wayanad Exports\New folder\Points2018andBefore\Points2018andBefore.shp
5988,76.08358900,11.55480000,KRL/WAY/58A02/2015/64,1.00000000,Gneiss,,,"Trideep  et al., 2016. Marcoscale Landslide Susceptibility Mapping of Mananthavady-Kalpetta-Sultan Battery-Vazhikkadavu area in parts of toposheets nos 58A/1, A/2, A/5, A/6, A/7 and A/11, Wayanad and Malappuram districts, Kerala. Unpub. GSI Report of FS",10.00000000,9.00000000,8.00000000,81.00000000,Rainfall,,81.00000000,,Kerala,Wayanad,58A02,Near Chembera Watch tower,Active,Single,2015,,,,,Chembra Peak Road,0.00000000,Debris,Slide,Rapid,Confined,Shallow translational failure,0.00000000,0.00000000,0.00000000,Lowly dissected hill,Dry,Moderate vegetation,,,,,,Retaining wall along with proper drainage outlet,,Pore water pressure,"2018",,,Points2018andBefore,C:\Users\swati\Desktop\Wayanad Exports\New folder\Points2018andBefore\Points2018andBefore.shp
25363,76.08416600,11.59916600,KL/WYD/58A02/2018/61,2.00000000,Granite gneiss,,,,15.00000000,12.00000000,11.00000000,0.00000000,Rainfall in mm,,0.00000000,,Kerala,Wayanad,58A02,Kalpetta ESI,Active,Multiple,0,,,"0",,Meppadi-Kalpetta Road,10.00000000,Debris,Slide,Very rapid,Retrogressive,Shallow planar failure,0.00000000,0.00000000,0.00000000,Lowly dissected hill,Wet,Low Height Plantation,,,,,Coffee damaged,Toe has to be protected with random rubble wall proper drainage outlet.,commercial shed damaged,"pore water pressure, reduction of strength on super-saturation, toe erosion by stream","2018",,,Points2018andBefore,C:\Users\swati\Desktop\Wayanad Exports\New folder\Points2018andBefore\Points2018andBefore.shp
5989,76.08594200,11.55316400,KRL/WAY/58A02/2015/65,2.00000000,Gneiss,,,"Trideep  et al., 2016. Marcoscale Landslide Susceptibility Mapping of Mananthavady-Kalpetta-Sultan Battery-Vazhikkadavu area in parts of toposheets nos 58A/1, A/2, A/5, A/6, A/7 and A/11, Wayanad and Malappuram districts, Kerala. Unpub. GSI Report of FS",80.00000000,32.00000000,60.00000000,2170.00000000,Rainfall,,4340.00000000,,Kerala,Wayanad,58A02,Chembera,Active,Single,2015,,,,,Chembra Peak Road,0.00000000,Debris,Slide,Rapid,Confined,Shallow translational failure,0.00000000,0.00000000,0.00000000,Moderately dissected hill,Wet,Moderate vegetation,,,,,,Retaining wall along with proper drainage outlet,,Pore water pressure,"2018",,,Points2018andBefore,C:\Users\swati\Desktop\Wayanad Exports\New folder\Points2018andBefore\Points2018andBefore.shp
25761,76.08627800,11.55350000,KL/WYD/58A02/2018/39,1.00000000,Charnockite,,,,45.00000000,6.00000000,30.00000000,0.00000000,Rainfall in mm,,0.00000000,,Kerala,Wayanad,58A02,Chembra peak 1,Active,Single,0,,,"0",,Meppadi-Chembra Peak Road,35.00000000,Debris,Flow,Very rapid,Retrogressive,Shallow planar failure,0.00000000,0.00000000,0.00000000,Lowly dissected hill,Dripping,Tea plantation,,,,,Tea plantation affected/washed out,"Drainage has to be channelised, Box culvert of suitable dimensions should be provided.",,gully erosion,"2018",,,Points2018andBefore,C:\Users\swati\Desktop\Wayanad Exports\New folder\Points2018andBefore\Points2018andBefore.shp
25511,76.08800000,11.59138900,KL/WYD/58A02/2018/45,2.00000000,Granite gneiss,,,,15.00000000,70.00000000,12.00000000,0.00000000,"Rainfall in mm, anthropogenic factors likeRoad cutting","3 houses affected by ground subsidence and cracks in house. (Owners: Chellan Saratha- Kalapura house,  Pomman Mari & Ibrahim, Manjalamkolli)",0.00000000,,Kerala,Wayanad,58A02,Manjalamkolli,Active,Multiple,0,,,"0",,Kunnampetta-Puttoorvayal road,8.00000000,Soil,Subsidence,Moderate,Retrogressive,Shallow planar failure,0.00000000,0.00000000,0.00000000,Lowly dissected hill,Flowing,Settlement,,,,,,The entire subsided stretch of road  has to be provided with retaining wall/masonry wall with weep holes. Toe portion has to be provided with suitable support structures. Drainage has to be channelize.,,"pore water pressure, unplanned cutting of slope","2018",,,Points2018andBefore,C:\Users\swati\Desktop\Wayanad Exports\New folder\Points2018andBefore\Points2018andBefore.shp
25773,76.08938900,11.55377800,KL/WYD/58A02/2018/40,5.00000000,Charnockite,,,,50.00000000,25.00000000,35.00000000,0.00000000,Rainfall in mm,,0.00000000,,Kerala,Wayanad,58A02,Chemra peak 2,Dormant,Single,0,,,"0",,Meppadi-Chembra Peak Road,20.00000000,Rock cum debris,Slide,Very rapid,Retrogressive,Shallow rotational failure,0.00000000,0.00000000,0.00000000,Lowly dissected hill,Wet,Tea plantation,,,,,Tea plantation,Palaeoslide presently dormant. Suitable toe support structures needed to avoid toe erosion by Nala which may reactivate the slide in future.,,"pore water pressure, reduction of strength on super-saturation, toe erosion by stream, anthropogenic activities","2018",,,Points2018andBefore,C:\Users\swati\Desktop\Wayanad Exports\New folder\Points2018andBefore\Points2018andBefore.shp
5587,76.08950000,11.55253900,KRL/WAY/58A02/2015/66,2.00000000,Gneiss,,,"Trideep  et al., 2016. Marcoscale Landslide Susceptibility Mapping of Mananthavady-Kalpetta-Sultan Battery-Vazhikkadavu area in parts of toposheets nos 58A/1, A/2, A/5, A/6, A/7 and A/11, Wayanad and Malappuram districts, Kerala. Unpub. GSI Report of FS",220.00000000,60.00000000,180.00000000,14000.00000000,Rainfall,,28000.00000000,,Kerala,Wayanad,58A02,Near Chembera parking area,Active,Single,1961,,,,,Chembra Peak Road,0.00000000,Debris,Slide,Rapid,Confined,Shallow translational failure,0.00000000,0.00000000,0.00000000,Lowly dissected hill,Dry,Low Height Plantation,"7",,,,,,,Pore water pressure,"2018",,,Points2018andBefore,C:\Users\swati\Desktop\Wayanad Exports\New folder\Points2018andBefore\Points2018andBefore.shp
25760,76.09052800,11.55455600,KL/WYD/58A02/2018/38,2.00000000,Charnockite,,,,45.00000000,40.00000000,40.00000000,0.00000000,Rainfall in mm,,0.00000000,,Kerala,Wayanad,58A02,Erumakolli 3,Active,Multiple,0,,,"0",,Meppadi-Chembra Peak Road,40.00000000,Debris,Flow,Very rapid,Retrogressive,Shallow planar failure,0.00000000,0.00000000,0.00000000,Lowly dissected hill,Wet,Forest,,,,,,"Drainage has to be channelised, Box culvert with suitable dimensions should be provided at road bench level.",,"planar failure, reduction of strength on super-saturation, toe erosion by stream","2018",,,Points2018andBefore,C:\Users\swati\Desktop\Wayanad Exports\New folder\Points2018andBefore\Points2018andBefore.shp
5588,76.09280000,11.55425600,KRL/WAY/58A02/2015/67,3.00000000,Gneiss,,,"Trideep  et al., 2016. Marcoscale Landslide Susceptibility Mapping of Mananthavady-Kalpetta-Sultan Battery-Vazhikkadavu area in parts of toposheets nos 58A/1, A/2, A/5, A/6, A/7 and A/11, Wayanad and Malappuram districts, Kerala. Unpub. GSI Report of FS",300.00000000,40.00000000,90.00000000,9500.00000000,Rainfall,,28500.00000000,,Kerala,Wayanad,58A02,Chembera1,Active,Single,1961,,,,,Chembra Peak Road,0.00000000,Debris,Slide,Rapid,Confined,Shallow translational failure,0.00000000,0.00000000,0.00000000,Lowly dissected hill,Dry,Low Height Plantation,,,,,,Retaining wall along with proper drainage outlet,,Pore water pressure,"2018",,,Points2018andBefore,C:\Users\swati\Desktop\Wayanad Exports\New folder\Points2018andBefore\Points2018andBefore.shp
25776,76.09408300,11.57958300,KL/WYD/58A02/2018/43,5.00000000,Quartz vein,,,,210.00000000,145.00000000,35.00000000,0.00000000,Rainfall in mm,Detailed study needed,0.00000000,,Kerala,Wayanad,58A02,Mangavayal,Active,Multiple,0,,,"0",,Kunnampetta-Puttoorvayal road,40.00000000,Soil,Creep,Moderate,Retrogressive,Shallow planar failure,0.00000000,0.00000000,0.00000000,Pediplain,Dripping,Mixed plantation,,,,,,"Detailed study is  recommended for suggesting appropriate permanent remedial measure. For temporary measures, Further construction inside the active slide area is not advisable. Toe of the slide has to be protected with proper suitable retaining structu",,Palaeoslide: The landslide occurred due to increase in pore water pressure and reduction of strength on super saturation due to heavy rain. The submerged well placed in the contact of quartz vein and PGC as per the geological map.,"2018",,,Points2018andBefore,C:\Users\swati\Desktop\Wayanad Exports\New folder\Points2018andBefore\Points2018andBefore.shp
25759,76.09483300,11.55458300,KL/WYD/58A02/2018/37,3.00000000,Charnockite,,,,75.00000000,60.00000000,65.00000000,0.00000000,Rainfall in mm,,0.00000000,,Kerala,Wayanad,58A02,Erumakolli 2,Active,Multiple,0,,,"0",,Meppadi-Chembra Peak Road,60.00000000,Rock cum debris,Slide,Very rapid,Retrogressive,Shallow planar failure,0.00000000,0.00000000,0.00000000,Lowly dissected hill,Wet,Forest (tea plantation),,,,Road blocked + damaged,Tea plantation,Precarious boulders and the debris materials in the slide zone should be removed.Road cut has to be protected with RC wall/masonry wall with weep holes. Easing of slope with benches,,"planar failure, pore water pressure, reduction of strength on super-saturation, unplanned cutting of slope","2018",,,Points2018andBefore,C:\Users\swati\Desktop\Wayanad Exports\New folder\Points2018andBefore\Points2018andBefore.shp
25777,76.09547200,11.58116700,KL/WYD/58A02/2018/44,5.00000000,Granite gneiss,,,,135.00000000,85.00000000,30.00000000,0.00000000,Rainfall in mm,"1 house (Owner- V.K. Radha, Sivagiri Estate, Mangavayal, Home located at portion",0.00000000,,Kerala,Wayanad,58A02,Mangavayal 2,Dormant,Single,0,,,"0",,Kunnampetta-Puttoorvayal road,20.00000000,Debris,Slide,Rapid,Retrogressive,Shallow planar failure,0.00000000,0.00000000,0.00000000,Pediplain,Wet,Mixed plantation,,,,,,Palaeoslide presently dormant. Suitable toe support structures viz. RC wall / masonry wall with proper drainage outlet has to be provided at the toe portion. Drainage has to be channelised.,,,"2018",,,Points2018andBefore,C:\Users\swati\Desktop\Wayanad Exports\New folder\Points2018andBefore\Points2018andBefore.shp
5589,76.09782200,11.55408600,KRL/WAY/58A02/2015/68,1.50000000,Charnockite,,,"Trideep  et al., 2016. Marcoscale Landslide Susceptibility Mapping of Mananthavady-Kalpetta-Sultan Battery-Vazhikkadavu area in parts of toposheets nos 58A/1, A/2, A/5, A/6, A/7 and A/11, Wayanad and Malappuram districts, Kerala. Unpub. GSI Report of FS",25.00000000,25.00000000,22.00000000,506.00000000,Rainfall,,759.00000000,,Kerala,Wayanad,58A02,Chembera2,Active,Single,0,,,,,Chembra Peak Road,0.00000000,Debris,Slide,Rapid,Confined,Shallow translational failure,0.00000000,0.00000000,0.00000000,Lowly dissected hill,Wet,Moderate vegetation,,,,,,Retaining wall,,Pore water pressure,"2018",,,Points2018andBefore,C:\Users\swati\Desktop\Wayanad Exports\New folder\Points2018andBefore\Points2018andBefore.shp
5591,76.10124400,11.55328300,KRL/WAY/58A02/2015/70,2.00000000,Charnockite,,,"Trideep  et al., 2016. Marcoscale Landslide Susceptibility Mapping of Mananthavady-Kalpetta-Sultan Battery-Vazhikkadavu area in parts of toposheets nos 58A/1, A/2, A/5, A/6, A/7 and A/11, Wayanad and Malappuram districts, Kerala. Unpub. GSI Report of FS",80.00000000,0.00000000,0.00000000,1050.00000000,Rainfall,,2100.00000000,,Kerala,Wayanad,58A02,Chembera 22,Active,Single,2008,,,,,Chembra Peak Road,0.00000000,Debris,Slide,Rapid,Confined,Shallow translational failure,0.00000000,0.00000000,0.00000000,Lowly dissected hill,Dry,Moderate vegetation,,,,,Agriculture,Upslope treatment with proper drainage outlet,2 Houses,Pore water pressure,"2018",,,Points2018andBefore,C:\Users\swati\Desktop\Wayanad Exports\New folder\Points2018andBefore\Points2018andBefore.shp
5590,76.10126400,11.55233900,KRL/WAY/58A02/2015/69,2.50000000,Charnockite,,,"Trideep  et al., 2016. Marcoscale Landslide Susceptibility Mapping of Mananthavady-Kalpetta-Sultan Battery-Vazhikkadavu area in parts of toposheets nos 58A/1, A/2, A/5, A/6, A/7 and A/11, Wayanad and Malappuram districts, Kerala. Unpub. GSI Report of FS",50.00000000,50.00000000,42.00000000,2350.00000000,Rainfall,,5875.00000000,,Kerala,Wayanad,58A02,Near road Jn towards Erumakolli School,Active,Single,0,,,,,Chembra Peak Road,0.00000000,Debris,Slide,Moderate,Confined,Shallow translational failure,2015.00000000,0.00000000,0.00000000,Lowly dissected hill,Wet,Low Height Plantation,,,,,,,,Pore water pressure,"2018",,,Points2018andBefore,C:\Users\swati\Desktop\Wayanad Exports\New folder\Points2018andBefore\Points2018andBefore.shp
25758,76.10127800,11.55233300,KL/WYD/58A02/2018/36,5.00000000,Charnockite,,,,60.00000000,20.00000000,45.00000000,0.00000000,"Rainfall in mm, anthropogenic factors likeRoad cutting",,0.00000000,,Kerala,Wayanad,58A02,Erumakolli 1,Active,Multiple,0,,,"0",,Meppadi-Chembra Peak Road,50.00000000,Debris,Flow,Very rapid,Retrogressive,Shallow planar failure,0.00000000,0.00000000,0.00000000,Lowly dissected hill,Wet,Road forest,,,,Road damaged,Forest,Retaining wall / concrete masonry wall with weep holes should be provided with backfilling for full stretch 23m length of the slide at road bench level. Drainage has to be channelised. Box culvert with suitable dimension at toe portion may be provided.,,"pore water pressure, reduction of strength on super-saturation, gully erosion","2018",,,Points2018andBefore,C:\Users\swati\Desktop\Wayanad Exports\New folder\Points2018andBefore\Points2018andBefore.shp
25660,76.10069000,11.62550300,KL/WYD/58A02/2018/32,5.00000000,Granite,,,,450.00000000,45.00000000,120.00000000,0.00000000,Rainfall in mm,,0.00000000,,Kerala,Wayanad,58A02,Kolpara,Active,Multiple,0,,,"0",,Edapetty-Kolpara forest Road,400.00000000,Debris,Flow,Very rapid,Retrogressive,Shallow planar failure,0.00000000,0.00000000,0.00000000,Lowly dissected hill,Flowing,Low Height Plantation,,,,,Coffee plantation,"Subsidence creep movement towards slope direction has to be provided with toe support. Drainage shuld be channelised, Box culvert with suitable dimensions should be provided.",Road damaged + washed out,"pore water pressure, gully erosion","2018",,,Points2018andBefore,C:\Users\swati\Desktop\Wayanad Exports\New folder\Points2018andBefore\Points2018andBefore.shp
25661,76.10330000,11.62494400,KL/WYD/58A02/2018/33,3.00000000,Granite,,,,300.00000000,18.00000000,200.00000000,0.00000000,Rainfall in mm,,0.00000000,,Kerala,Wayanad,58A02,Edapetti,Active,Single,0,,,"0",,Edapetty-Kolpara forest Road,270.00000000,Debris,Flow,Very rapid,Retrogressive,Shallow planar failure,0.00000000,0.00000000,0.00000000,Lowly dissected hill,Wet,Low Height Plantation,,,,,Coffee plantation washed by flood,"Drainage should be channelised, Box culvert with suitable dimensions should be provided at road bench level.",,"pore water pressure, gully erosion","2018",,,Points2018andBefore,C:\Users\swati\Desktop\Wayanad Exports\New folder\Points2018andBefore\Points2018andBefore.shp
25756,76.10641700,11.62322200,KL/WYD/58A02/2018/34,4.00000000,Granite,,,,120.00000000,15.00000000,90.00000000,0.00000000,Rainfall in mm,,0.00000000,,Kerala,Wayanad,58A02,Kolpara_Govindan,Reactivated,Single,0,,,"0",,Edapetty-Kolpara forest Road,100.00000000,Debris,Flow,Very rapid,Retrogressive,Shallow planar failure,0.00000000,0.00000000,0.00000000,Lowly dissected hill,dripping,Low Height Plantation,,,,,Coffee plantation,"Drainage/nala has to be channelised, debris material has to be removed from the flow path. Box culvert of suitable dimension may be provided at the road bench level.",,"pore water pressure, gully erosion","2018",,,Points2018andBefore,C:\Users\swati\Desktop\Wayanad Exports\New folder\Points2018andBefore\Points2018andBefore.shp
25364,76.11083300,11.57805500,KL/WYD/58A02/2018/62,1.00000000,Granite gneiss,,,,7.00000000,35.00000000,6.00000000,0.00000000,Rainfall in mm,,0.00000000,,Kerala,Wayanad,58A02,Kottavayal,Active,Multiple,0,,,"0",,Meppadi-Kalpetta Road,6.00000000,Debris,Slide,Very rapid,Retrogressive,Shallow planar failure,0.00000000,0.00000000,0.00000000,Colluvial footslope,Dry,Low Height Plantation,,,,Road blocked,Coffee plantation,Toe has to be protected with random rubble wall /gabion wall proper drainage outlet.,,"pore water pressure, reduction of strength on super-saturation, unplanned cutting of slope","2018",,,Points2018andBefore,C:\Users\swati\Desktop\Wayanad Exports\New folder\Points2018andBefore\Points2018andBefore.shp
5615,76.13741100,11.54195800,KRL/WAY/58A02/2015/73,1.50000000,Charnockite,,,"Trideep  et al., 2016. Marcoscale Landslide Susceptibility Mapping of Mananthavady-Kalpetta-Sultan Battery-Vazhikkadavu area in parts of toposheets nos 58A/1, A/2, A/5, A/6, A/7 and A/11, Wayanad and Malappuram districts, Kerala. Unpub. GSI Report of FS",25.00000000,15.00000000,22.00000000,286.00000000,Rainfall,,429.00000000,,Kerala,Wayanad,58A02,1st Mile,Active,Single,1961,,,,,Mepadi-Churalmala Road,0.00000000,Debris,Slide,Rapid,Confined,Shallow translational failure,0.00000000,0.00000000,0.00000000,Rolling plain,Dry,Low Height Plantation,,,,,Agriculture,,,Pore water pressure,"2018",,,Points2018andBefore,C:\Users\swati\Desktop\Wayanad Exports\New folder\Points2018andBefore\Points2018andBefore.shp
25361,76.17800000,11.54316700,KL/WYD/58A02/2018/59,1.00000000,Granite gneiss,,,,5.00000000,12.00000000,5.00000000,0.00000000,Rainfall in mm,,0.00000000,,Kerala,Wayanad,58A02,Nedumkarana,Active,Multiple,0,,,"0",,NH-212,3.00000000,Debris,Slide,Very rapid,Retrogressive,Shallow planar failure,0.00000000,0.00000000,0.00000000,Lowly dissected hill,Dry,Tea plantation,,,,,Tea plantation,Toe has to be protected with random rubble wall /gabion wall. Further toe cutting is not recommended.  Easing of slope.,,"pore water pressure, reduction of strength on super-saturation, unplanned cutting of slope","2018",,,Points2018andBefore,C:\Users\swati\Desktop\Wayanad Exports\New folder\Points2018andBefore\Points2018andBefore.shp
5776,76.15653300,11.54305300,KRL/WAY/58A02/2015/76,1.50000000,Gneiss,,,"Trideep  et al., 2016. Marcoscale Landslide Susceptibility Mapping of Mananthavady-Kalpetta-Sultan Battery-Vazhikkadavu area in parts of toposheets nos 58A/1, A/2, A/5, A/6, A/7 and A/11, Wayanad and Malappuram districts, Kerala. Unpub. GSI Report of FS",70.00000000,60.00000000,50.00000000,3575.00000000,Rainfall,,5362.50000000,,Kerala,Wayanad,58A02,Arepetta-Estate to 1mile road,Active,Single,1982,,,,,Kozhokode - Vythiri-Gudallur Highway,0.00000000,Debris,Slide,Rapid,Confined,Shallow translational failure,0.00000000,0.00000000,0.00000000,Rolling plain,Dry,Low Height Plantation,,,,,Agriculture,Proper drainage outlet constrction with gabion wall,,Pore water pressure,"2018",,,Points2018andBefore,C:\Users\swati\Desktop\Wayanad Exports\New folder\Points2018andBefore\Points2018andBefore.shp
5778,76.15403100,11.54315000,KRL/WAY/58A02/2015/78,3.50000000,Gneiss,,,"Trideep  et al., 2016. Marcoscale Landslide Susceptibility Mapping of Mananthavady-Kalpetta-Sultan Battery-Vazhikkadavu area in parts of toposheets nos 58A/1, A/2, A/5, A/6, A/7 and A/11, Wayanad and Malappuram districts, Kerala. Unpub. GSI Report of FS",550.00000000,300.00000000,300.00000000,123750.00000000,Rainfall,,433125.00000000,,Kerala,Wayanad,58A02,Thazhe Arepetta,Dormant,Single,1961,,,,,Kozhokode - Vythiri-Gudallur Highway,0.00000000,Debris,Slide,Rapid,Confined,Shallow translational failure,0.00000000,0.00000000,0.00000000,Rolling plain,Dry,Low Height Plantation,,,,,Agriculture,Proper drainage outlet,,Pore water pressure,"2018",,,Points2018andBefore,C:\Users\swati\Desktop\Wayanad Exports\New folder\Points2018andBefore\Points2018andBefore.shp
5782,76.15400000,11.54321400,KRL/WAY/58A02/2015/100,1.50000000,Gneiss,,,"Trideep  et al., 2016. Marcoscale Landslide Susceptibility Mapping of Mananthavady-Kalpetta-Sultan Battery-Vazhikkadavu area in parts of toposheets nos 58A/1, A/2, A/5, A/6, A/7 and A/11, Wayanad and Malappuram districts, Kerala. Unpub. GSI Report of FS",130.00000000,80.00000000,90.00000000,10400.00000000,Rainfall,,15600.00000000,,Kerala,Wayanad,58A02,Arepetta Tea Estate-2,Suspended,Single,2008,,,,,Kozhokode - Vythiri-Gudallur Highway,0.00000000,Debris,Slide,Rapid,Advancing,Shallow translational failure,0.00000000,0.00000000,0.00000000,Rolling plain,Wet,Low Height Plantation,,,,,Agriculture,Aforestation,,Pore water pressure,"2018",,,Points2018andBefore,C:\Users\swati\Desktop\Wayanad Exports\New folder\Points2018andBefore\Points2018andBefore.shp
5755,76.12139700,11.54271700,KRL/WAY/58A02/2015/75,1.00000000,Charnockite,,,"Trideep  et al., 2016. Marcoscale Landslide Susceptibility Mapping of Mananthavady-Kalpetta-Sultan Battery-Vazhikkadavu area in parts of toposheets nos 58A/1, A/2, A/5, A/6, A/7 and A/11, Wayanad and Malappuram districts, Kerala. Unpub. GSI Report of FS",80.00000000,22.00000000,50.00000000,1400.00000000,Rainfall,,1400.00000000,,Kerala,Wayanad,58A02,Kadoor-10 Number 1,Active,Single,2009,,,,,Cholamala Road,0.00000000,Rock cum Debris,Slide,Rapid,Confined,Shallow translational failure,0.00000000,0.00000000,0.00000000,Rolling plain,Dry,Moderate vegetation,,,,,Agriculture,Proper drainage outlet,,Pore water pressure,"2018",,,Points2018andBefore,C:\Users\swati\Desktop\Wayanad Exports\New folder\Points2018andBefore\Points2018andBefore.shp
5761,76.15530000,11.54398900,KRL/WAY/58A02/2015/99,1.00000000,Gneiss,,,"Trideep  et al., 2016. Marcoscale Landslide Susceptibility Mapping of Mananthavady-Kalpetta-Sultan Battery-Vazhikkadavu area in parts of toposheets nos 58A/1, A/2, A/5, A/6, A/7 and A/11, Wayanad and Malappuram districts, Kerala. Unpub. GSI Report of FS",15.00000000,60.00000000,10.00000000,825.00000000,Rainfall,,825.00000000,,Kerala,Wayanad,58A02,Arepetta Tea Estate-1,Dormant,Single,0,,,,,Kozhokode - Vythiri-Gudallur Highway,0.00000000,Debris,Slide,Rapid,Widening,Shallow translational failure,0.00000000,0.00000000,0.00000000,Rolling plain,Wet,Low Height Plantation,,,,,Agriculture,Aforestation,,Pore water pressure,"2018",,,Points2018andBefore,C:\Users\swati\Desktop\Wayanad Exports\New folder\Points2018andBefore\Points2018andBefore.shp
5754,76.12213900,11.54363100,KRL/WAY/58A02/2015/74,1.00000000,Gneiss,,,"Trideep  et al., 2016. Marcoscale Landslide Susceptibility Mapping of Mananthavady-Kalpetta-Sultan Battery-Vazhikkadavu area in parts of toposheets nos 58A/1, A/2, A/5, A/6, A/7 and A/11, Wayanad and Malappuram districts, Kerala. Unpub. GSI Report of FS",30.00000000,15.00000000,10.00000000,324.00000000,Rainfall,,324.00000000,,Kerala,Wayanad,58A02,Kadoor-10 Number,Active,Single,2009,,,,,Cholamala Road,0.00000000,Debris,Slide,Rapid,Confined,Shallow translational failure,0.00000000,0.00000000,0.00000000,Rolling plain,Dry,Moderate vegetation,,,,Road damage,,Retaining wall along with proper drainage outlet,,Pore water pressure,"2018",,,Points2018andBefore,C:\Users\swati\Desktop\Wayanad Exports\New folder\Points2018andBefore\Points2018andBefore.shp
6852,76.17856900,11.54459200,KRL/WAY/58A02/2015/54,0.50000000,Granite gneiss,,,"Trideep  et al., 2016. Marcoscale Landslide Susceptibility Mapping of Mananthavady-Kalpetta-Sultan Battery-Vazhikkadavu area in parts of toposheets nos 58A/1, A/2, A/5, A/6, A/7 and A/11, Wayanad and Malappuram districts, Kerala. Unpub. GSI Report of FS",6.00000000,8.00000000,5.00000000,42.00000000,Rainfall,,21.00000000,,Kerala,Wayanad,58A02,,Active,Multiple,0,,,,,Kozhokode - Vythiri-Gudallur Highway,0.00000000,Earth,Slide,Moderate,Confined,Shallow translational failure,0.00000000,0.00000000,0.00000000,Rolling plain,Wet,Extensive slope cut,,,,,,,,Pore water pressure,"2018",,,Points2018andBefore,C:\Users\swati\Desktop\Wayanad Exports\New folder\Points2018andBefore\Points2018andBefore.shp
5622,76.15588100,11.54537500,KRL/WAY/58A02/2015/98,0.50000000,Gneiss,,,"Trideep  et al., 2016. Marcoscale Landslide Susceptibility Mapping of Mananthavady-Kalpetta-Sultan Battery-Vazhikkadavu area in parts of toposheets nos 58A/1, A/2, A/5, A/6, A/7 and A/11, Wayanad and Malappuram districts, Kerala. Unpub. GSI Report of FS",30.00000000,10.00000000,20.00000000,300.00000000,Rainfall,,150.00000000,,Kerala,Wayanad,58A02,Arepetta Tea Estate,Dormant,Single,0,,,,,Kozhokode - Vythiri-Gudallur Highway,60.00000000,Debris,Slide,Rapid,Confined,Shallow translational failure,0.00000000,0.00000000,0.00000000,Rolling plain,Wet,Low Height Plantation,,,,,Agriculture,Aforestation,,Pore water pressure,"2018",,,Points2018andBefore,C:\Users\swati\Desktop\Wayanad Exports\New folder\Points2018andBefore\Points2018andBefore.shp
5597,76.22415300,11.54716700,KRL/WAY/58A02/2015/94,1.50000000,Gneiss,,,"Trideep  et al., 2016. Marcoscale Landslide Susceptibility Mapping of Mananthavady-Kalpetta-Sultan Battery-Vazhikkadavu area in parts of toposheets nos 58A/1, A/2, A/5, A/6, A/7 and A/11, Wayanad and Malappuram districts, Kerala. Unpub. GSI Report of FS",25.00000000,5.00000000,15.00000000,75.00000000,Rainfall,,112.50000000,,Kerala,Wayanad,58A02,Mupainad,Dormant,Single,2007,,,,,Vaduvanchal-Chitragiri Road,0.00000000,Earth,Slide,Moderate,Advancing,Shallow translational failure,0.00000000,0.00000000,0.00000000,Rolling plain,Wet,Moderate vegetation,,,,,Agriculture,Aforestation,,Pore water pressure,"2018",,,Points2018andBefore,C:\Users\swati\Desktop\Wayanad Exports\New folder\Points2018andBefore\Points2018andBefore.shp
25362,76.20772200,11.54819400,KL/WYD/58A02/2018/60,1.00000000,Granite gneiss,,,,8.00000000,7.00000000,7.00000000,0.00000000,Rainfall in mm,,0.00000000,,Kerala,Wayanad,58A02,Padivayal,Active,Single,0,,,"0",,NH-212,5.00000000,Debris,Slide,Very rapid,Retrogressive,Shallow planar failure,0.00000000,0.00000000,0.00000000,Lowly dissected hill,Dry,Low Height Plantation,,,,Road blocked & removed by local authority,Forest/coffee plantation,Toe has to be protected with random rubble wall /gabion wall. Cut slope  may be modified with easing of slope. Trees has to be uprooted from the slide area.,,"pore water pressure, reduction of strength on super-saturation","2018",,,Points2018andBefore,C:\Users\swati\Desktop\Wayanad Exports\New folder\Points2018andBefore\Points2018andBefore.shp
5593,76.13687800,11.55033900,KRL/WAY/58A02/2015/72,2.00000000,Gneiss,,,"Trideep  et al., 2016. Marcoscale Landslide Susceptibility Mapping of Mananthavady-Kalpetta-Sultan Battery-Vazhikkadavu area in parts of toposheets nos 58A/1, A/2, A/5, A/6, A/7 and A/11, Wayanad and Malappuram districts, Kerala. Unpub. GSI Report of FS",55.00000000,60.00000000,45.00000000,2964.00000000,Rainfall,,5928.00000000,,Kerala,Wayanad,58A02,Mappilathottam,Active,Single,2009,,,,,Mepadi-Churalmala Road,0.00000000,Debris,Slide,Rapid,Confined,Shallow translational failure,0.00000000,0.00000000,0.00000000,Rolling plain,Dry,Low Height Plantation,,,,,,Retaining wall along with proper drainage outlet,,Pore water pressure,"2018",,,Points2018andBefore,C:\Users\swati\Desktop\Wayanad Exports\New folder\Points2018andBefore\Points2018andBefore.shp
5987,76.12793900,11.55430000,KRL/WAY/58A02/2015/63,0.00000000,Charnockite,,,"Trideep  et al., 2016. Marcoscale Landslide Susceptibility Mapping of Mananthavady-Kalpetta-Sultan Battery-Vazhikkadavu area in parts of toposheets nos 58A/1, A/2, A/5, A/6, A/7 and A/11, Wayanad and Malappuram districts, Kerala. Unpub. GSI Report of FS",0.00000000,0.00000000,0.00000000,0.00000000,Rainfall,,0.00000000,,Kerala,Wayanad,58A02,Kunnamangalam vayal,Reactivated,Single,2007,,,,,Chembra Peak Road,0.00000000,Debris,Subsidence,Slow,Widening,,0.00000000,0.00000000,0.00000000,Rolling plain,Dry,Moderate vegetation,,,,Road damage,Agriculture,,4 Houses,Pore water pressure,"2018",,,Points2018andBefore,C:\Users\swati\Desktop\Wayanad Exports\New folder\Points2018andBefore\Points2018andBefore.shp
5803,76.13151700,11.55443100,KRL/WAY/58A02/2015/82,1.50000000,Charnockite,,,"Trideep  et al., 2016. Marcoscale Landslide Susceptibility Mapping of Mananthavady-Kalpetta-Sultan Battery-Vazhikkadavu area in parts of toposheets nos 58A/1, A/2, A/5, A/6, A/7 and A/11, Wayanad and Malappuram districts, Kerala. Unpub. GSI Report of FS",25.00000000,30.00000000,22.00000000,594.00000000,Rainfall,,891.00000000,,Kerala,Wayanad,58A02,Meppadi-Near Market,Active,Single,0,,,,,Kozhokode - Vythiri-Gudallur Highway,0.00000000,Debris,Slide,Rapid,Confined,Shallow translational failure,0.00000000,0.00000000,0.00000000,Rolling plain,Wet,Extensive slope cut,,,,,,Retaining wall along with proper drainage outlet,1 Building,Pore water pressure,"2018",,,Points2018andBefore,C:\Users\swati\Desktop\Wayanad Exports\New folder\Points2018andBefore\Points2018andBefore.shp
6851,76.19816100,11.55697800,KRL/WAY/58A02/2015/53,1.50000000,Granite gneiss,,,"Trideep  et al., 2016. Marcoscale Landslide Susceptibility Mapping of Mananthavady-Kalpetta-Sultan Battery-Vazhikkadavu area in parts of toposheets nos 58A/1, A/2, A/5, A/6, A/7 and A/11, Wayanad and Malappuram districts, Kerala. Unpub. GSI Report of FS",15.00000000,5.00000000,13.00000000,75.00000000,Rainfall,,112.50000000,,Kerala,Wayanad,58A02,Kadamad,Active,Single,2015,,,,,"-",0.00000000,Earth,Slide,Moderate,Widening,Shallow translational failure,0.00000000,0.00000000,0.00000000,Rolling plain,Wet,Moderate vegetation,,,,,,Plantation,,Pore water pressure,"2018",,,Points2018andBefore,C:\Users\swati\Desktop\Wayanad Exports\New folder\Points2018andBefore\Points2018andBefore.shp
25757,76.12963900,11.55683300,KL/WYD/58A02/2018/35,4.00000000,Charnockite,,,,50.00000000,12.00000000,40.00000000,0.00000000,Rainfall in mm,"1 house (Owner-Chekku, Kunnathu house,Kottapadi PHC) washed off completely at the crown area. 2 houses at the left flank has been damaged by ground cracks (Owners: Vilasini, Kunnumel house, Kottapadi PHC & Abdu Rahman, Parakkal house, Kottapadi PHC.)",0.00000000,,Kerala,Wayanad,58A02,Meppadi PHC,Active,Single,0,,,"0",,Meppadi local Road,70.00000000,Debris,Slide,Rapid,Retrogressive,Shallow planar failure,0.00000000,0.00000000,0.00000000,Pediplain,Wet,Settlement,,,,,Forest,Construction of retaining wall /masonry wall to cover the main scarp area to avoid retrogression and to safeguard the existing foot path. Nala has to be channelised. Not recommended for any construction activities near the slide.,House area washed out,"pore water pressure, reduction of strength on super-saturation, gully erosion, unplanned construction","2018",,,Points2018andBefore,C:\Users\swati\Desktop\Wayanad Exports\New folder\Points2018andBefore\Points2018andBefore.shp
5783,76.13582800,11.55938300,KRL/WAY/58A02/2015/101,0.50000000,Gneiss,,,"Trideep  et al., 2016. Marcoscale Landslide Susceptibility Mapping of Mananthavady-Kalpetta-Sultan Battery-Vazhikkadavu area in parts of toposheets nos 58A/1, A/2, A/5, A/6, A/7 and A/11, Wayanad and Malappuram districts, Kerala. Unpub. GSI Report of FS",20.00000000,30.00000000,15.00000000,600.00000000,Rainfall,,300.00000000,,Kerala,Wayanad,58A02,Poothakolly,Active,Single,0,,,,,Poothakolly Road,0.00000000,Debris,Slide,Moderate,Advancing,Shallow translational failure,0.00000000,0.00000000,0.00000000,Rolling plain,Flowing,Moderate vegetation,,,,,Agriculture,Retaining wall along with proper drainage outlet,1 House,Pore water pressure,"2018",,,Points2018andBefore,C:\Users\swati\Desktop\Wayanad Exports\New folder\Points2018andBefore\Points2018andBefore.shp
5785,76.13656100,11.55956400,KRL/WAY/58A02/2015/103,1.00000000,Gneiss,,,"Trideep  et al., 2016. Marcoscale Landslide Susceptibility Mapping of Mananthavady-Kalpetta-Sultan Battery-Vazhikkadavu area in parts of toposheets nos 58A/1, A/2, A/5, A/6, A/7 and A/11, Wayanad and Malappuram districts, Kerala. Unpub. GSI Report of FS",40.00000000,100.00000000,50.00000000,4000.00000000,Rainfall,,4000.00000000,,Kerala,Wayanad,58A02,Poothakolly-2,Active,Single,1961,,,,,Poothakolly Road,0.00000000,Debris,Slide,Rapid,Advancing,Shallow translational failure,0.00000000,0.00000000,0.00000000,Rolling plain,Flowing,Low Height Plantation,,,,,Agriculture,Aforestation,,Pore water pressure,"2018",,,Points2018andBefore,C:\Users\swati\Desktop\Wayanad Exports\New folder\Points2018andBefore\Points2018andBefore.shp
5784,76.13671700,11.56022500,KRL/WAY/58A02/2015/102,0.50000000,Gneiss,,,"Trideep  et al., 2016. Marcoscale Landslide Susceptibility Mapping of Mananthavady-Kalpetta-Sultan Battery-Vazhikkadavu area in parts of toposheets nos 58A/1, A/2, A/5, A/6, A/7 and A/11, Wayanad and Malappuram districts, Kerala. Unpub. GSI Report of FS",15.00000000,20.00000000,10.00000000,300.00000000,Rainfall,,150.00000000,,Kerala,Wayanad,58A02,Poothakolly-1,Active,Single,0,,,,,Poothakolly Road,0.00000000,Debris,Slide,Rapid,Advancing,Shallow translational failure,0.00000000,0.00000000,0.00000000,Rolling plain,Flowing,Moderate vegetation,,,,,,Retaining wall along with proper drainage outlet,House,Pore water pressure,"2018",,,Points2018andBefore,C:\Users\swati\Desktop\Wayanad Exports\New folder\Points2018andBefore\Points2018andBefore.shp
25774,76.12858300,11.56111100,KL/WYD/58A02/2018/41,3.00000000,Granite gneiss,,,,35.00000000,40.00000000,35.00000000,0.00000000,Rainfall in mm,Unscientific slope cut made for house construction. The overburden thickness is  >5m and noted with seepage in this location.,0.00000000,,Kerala,Wayanad,58A02,Kunnumangalam kunnu,Active,Multiple,0,,,"0",,Kunnumangalam kunnu local Road,25.00000000,Soil,Flow,Very rapid,Retrogressive,Shallow planar failure,0.00000000,0.00000000,0.00000000,Pediplain,Dripping,Forest record of file give for tribal,,,,,Forest,Behind the house slope should be modified and retaining wall with weep holes should be provided. Drainage should be channelized. Below the house entire stretch has to be protected with /masonry wall with weep holes.,1 house wall damaged/collapsed and 2 hats washed out,"pore water pressure, reduction of strength on super-saturation","2018",,,Points2018andBefore,C:\Users\swati\Desktop\Wayanad Exports\New folder\Points2018andBefore\Points2018andBefore.shp
5592,76.13278100,11.56295600,KRL/WAY/58A02/2015/71,0.00000000,Gneiss,,,"Trideep  et al., 2016. Marcoscale Landslide Susceptibility Mapping of Mananthavady-Kalpetta-Sultan Battery-Vazhikkadavu area in parts of toposheets nos 58A/1, A/2, A/5, A/6, A/7 and A/11, Wayanad and Malappuram districts, Kerala. Unpub. GSI Report of FS",0.00000000,0.00000000,0.00000000,0.00000000,Rainfall,,0.00000000,,Kerala,Wayanad,58A02,,Active,Single,0,,,,,Vitthkaad-Poothakolly Road,0.00000000,Debris,Slide,Moderate,Confined,Shallow translational failure,0.00000000,0.00000000,0.00000000,Rolling plain,Dry,Low Height Plantation,,,,,,,,Pore water pressure,"2018",,,Points2018andBefore,C:\Users\swati\Desktop\Wayanad Exports\New folder\Points2018andBefore\Points2018andBefore.shp
25541,76.11833300,11.56580600,KL/WYD/58A02/2018/54,2.00000000,Granite gneiss,,,,9.00000000,4.00000000,8.00000000,0.00000000,Rainfall in mm,,0.00000000,,Kerala,Wayanad,58A02,"82",Active,Single,0,,,"0",,NH-212,5.00000000,Debris,Slide,Very rapid,Retrogressive,Shallow planar failure,0.00000000,0.00000000,0.00000000,Pediplain,Wet,Road + settlement,,,,Road damaged + house wall damaged,Settlement,Retaining wall / masonry wall with weep/drain holes has to be provided with back filling to avoid further damage of road at back side of the house. Drainage to be channelized.,home wall affected by slide main,"pore water pressure, reduction of strength on super-saturation","2018",,,Points2018andBefore,C:\Users\swati\Desktop\Wayanad Exports\New folder\Points2018andBefore\Points2018andBefore.shp
25349,76.11777800,11.56669400,KL/WYD/58A02/2018/58,1.50000000,Granite gneiss,,,,7.00000000,50.00000000,6.00000000,0.00000000,Rainfall in mm,,0.00000000,,Kerala,Wayanad,58A02,Kappamkolli,Active,Multiple,0,,,"0",,NH-212,5.00000000,Soil,Slide,Very rapid,Retrogressive,Shallow planar failure,0.00000000,0.00000000,0.00000000,Colluvial footslope,Wet,Low Height Plantation,,,,,Settlement/coffee + rubber plantation,"At toe portion, existing masonry/RR wall height must be increased 2-3m for full stretch of slide area along the road. Further cutting is not allowed in toe portion. Drainage to be channelized properly and cut faces to be modified with easing of slopes.",3 house damaged,"pore water pressure, reduction of strength on super-saturation, unplanned cutting of slope","2018",,,Points2018andBefore,C:\Users\swati\Desktop\Wayanad Exports\New folder\Points2018andBefore\Points2018andBefore.shp
5786,76.11565300,11.56671700,KRL/WAY/58A02/2015/104,0.50000000,Gneiss,,,"Trideep  et al., 2016. Marcoscale Landslide Susceptibility Mapping of Mananthavady-Kalpetta-Sultan Battery-Vazhikkadavu area in parts of toposheets nos 58A/1, A/2, A/5, A/6, A/7 and A/11, Wayanad and Malappuram districts, Kerala. Unpub. GSI Report of FS",15.00000000,10.00000000,12.00000000,108.00000000,Rainfall,,54.00000000,,Kerala,Wayanad,58A02,Meppadi-46,Active,Single,0,,,,,Kozhokode - Vythiri-Gudallur Highway,0.00000000,Earth,Slide,Moderate,Retrogressive,Shallow translational failure,0.00000000,0.00000000,0.00000000,Rolling plain,Wet,Moderate vegetation,,,,,,Retaining wall,,Pore water pressure,"2018",,,Points2018andBefore,C:\Users\swati\Desktop\Wayanad Exports\New folder\Points2018andBefore\Points2018andBefore.shp
25365,76.12666600,11.56888800,KL/WYD/58A02/2018/63,2.00000000,Granite gneiss,,,,22.00000000,15.00000000,18.00000000,0.00000000,Rainfall in mm,,0.00000000,,Kerala,Wayanad,58A02,Chembothara,Active,Multiple,0,,,"0",,Meppadi-Chembothara Road,8.00000000,Debris,Slide,Very rapid,Retrogressive,Shallow planar failure,0.00000000,0.00000000,0.00000000,Lowly dissected hill,Dry,Low Height Plantation,,,,Road blocked and damaged,Coffee plantation,Cut slope has to be protected with random rubble wall /gabion wall along the road stretch. Drainage line to be channelized.,,"pore water pressure, reduction of strength on super-saturation, unplanned cutting of slope","2018",,,Points2018andBefore,C:\Users\swati\Desktop\Wayanad Exports\New folder\Points2018andBefore\Points2018andBefore.shp
25372,76.19500000,11.58372200,KL/WYD/58A02/2018/87,4.00000000,Granite gneiss,,,,18.00000000,22.00000000,14.00000000,0.00000000,Rainfall in mm,,0.00000000,,Kerala,Wayanad,58A02,Narikundu 3,Active,Single,0,,,"0",,Narikundu local road,8.00000000,Debris,Slide,Extremely rapid,Retrogressive,Shallow planar failure,0.00000000,0.00000000,0.00000000,Pediplain,Dry,Settlement,,,"2",,Settlement,Retaining wall / masonry wall with weep/drain holes has to be provided with 3m height for full stretch with back filling to avoid further damage at back side of the house(cut face). Drainage to be channelized.,home 2 rooms wall collapsed + material + water br,"pore water pressure, reduction of strength on super-saturation, unplanned cutting of slope, unplanned construction","2018",,,Points2018andBefore,C:\Users\swati\Desktop\Wayanad Exports\New folder\Points2018andBefore\Points2018andBefore.shp
25371,76.19588900,11.58425000,KL/WYD/58A02/2018/86,3.00000000,Granite gneiss,,,,14.00000000,20.00000000,10.00000000,0.00000000,Rainfall in mm,,0.00000000,,Kerala,Wayanad,58A02,Narikundu 2,Active,Single,0,,,"0",,Narikundu local road,7.00000000,Debris,Slide,Extremely rapid,Retrogressive,Shallow planar failure,0.00000000,0.00000000,0.00000000,Lowly dissected hill,Wet,Low Height Plantation,,,"3",,Settlement + plantation,Retaining wall / masonry wall with weep/drain holes has to be provided with 3m height for full stretch with back filling to avoid further damage at back side of the house(cut face).,house wall damaged/coffee + material come inside home,"pore water pressure, reduction of strength on super-saturation, unplanned cutting of slope, unplanned construction","2018",,,Points2018andBefore,C:\Users\swati\Desktop\Wayanad Exports\New folder\Points2018andBefore\Points2018andBefore.shp
25370,76.20850000,11.59002800,KL/WYD/58A02/2018/85,2.00000000,Granite gneiss,,,,13.00000000,20.00000000,11.00000000,0.00000000,Rainfall in mm,,0.00000000,,Kerala,Wayanad,58A02,Narikundu 1,Active,Multiple,0,,,"0",,Narikundu local road,5.00000000,Debris,Slide,Very rapid,Retrogressive,Shallow planar failure,0.00000000,0.00000000,0.00000000,Pediplain,Dry,Settlement,,,,Road blocked by slide,Settlement,Toe has to be protected with random rubble wall /gabion wall. Cut slope  may be modified with easing of slope. Trees has to be uprooted from the slide area.,,"pore water pressure, reduction of strength on super-saturation, unplanned cutting of slope","2018",,,Points2018andBefore,C:\Users\swati\Desktop\Wayanad Exports\New folder\Points2018andBefore\Points2018andBefore.shp
25369,76.19305500,11.63166600,KL/WYD/58A02/2018/84,2.00000000,Granite gneiss,,,,12.00000000,25.00000000,10.00000000,0.00000000,Rainfall in mm,,0.00000000,,Kerala,Wayanad,58A02,Kallaramkula,Active,Single,0,,,"0",,Kumbaleri local road,6.00000000,Rock cum debris,Slide,Very rapid,Retrogressive,Shallow planar failure,0.00000000,0.00000000,0.00000000,Lowly dissected hill,Wet,Settlement,,,,,Settlement,Unscientific slope cut without toe support for house construction. Retaining wall / masonry wall with weep/drain holes has to be provided with 3m height for full stretch with back filling to avoid further damage at back side of the house(cut face) and do,house damaged + washroom completely washed/collapsed,"pore water pressure, reduction of strength on super-saturation,anthropogenic activities, unplanned cutting of slope, unplanned construction","2018",,,Points2018andBefore,C:\Users\swati\Desktop\Wayanad Exports\New folder\Points2018andBefore\Points2018andBefore.shp
6849,76.20153300,11.63623900,KRL/WAY/58A02/2015/51,1.00000000,Granite gneiss,,,"Trideep  et al., 2016. Marcoscale Landslide Susceptibility Mapping of Mananthavady-Kalpetta-Sultan Battery-Vazhikkadavu area in parts of toposheets nos 58A/1, A/2, A/5, A/6, A/7 and A/11, Wayanad and Malappuram districts, Kerala. Unpub. GSI Report of FS",10.00000000,10.00000000,9.00000000,100.00000000,Rainfall,,100.00000000,,Kerala,Wayanad,58A02,Kumbleri-Ambalavayal,Active,Single,0,,,,,Ambalvayal Bypass Road,0.00000000,Rock cum Debris,Slide,Moderate,Advancing,Shallow translational failure,0.00000000,0.00000000,0.00000000,Rolling plain,Wet,Moderate vegetation,,,,,,Retaining wall,,Pore water pressure,"2018",,,Points2018andBefore,C:\Users\swati\Desktop\Wayanad Exports\New folder\Points2018andBefore\Points2018andBefore.shp
25542,76.02341700,11.52811100,KL/WYD/58A02/2018/55,2.00000000,Charnockite,,,,13.00000000,80.00000000,11.00000000,0.00000000,Rainfall in mm,,0.00000000,,Kerala,Wayanad,58A02,Lakkidi,Active,Multiple,0,,,"0",,NH-212,7.00000000,Debris,Slide,Very rapid,Retrogressive,Shallow planar failure,0.00000000,0.00000000,0.00000000,Colluvial footslope,Dry,NH + settlement above slide,,,,Road blocked temporarily + removed,Pvt.Road/forest cover,The entire stretch of road subsidence has to be provided with retaining wall/masonry wall with weep holes. Slope easing/modification has to be done by forming benches with suitable support structures. Drainage has to be channelized.,,"reduction of strength on super-saturation, anthropogenic activities, unplanned cutting of slope","2018",,,Points2018andBefore,C:\Users\swati\Desktop\Wayanad Exports\New folder\Points2018andBefore\Points2018andBefore.shp
25943,76.04455600,11.52961100,KL/WYD/58A02/2018/24,1.00000000,Charnockite,,,,20.00000000,8.00000000,15.00000000,0.00000000,Rainfall in mm,,0.00000000,,Kerala,Wayanad,58A02,Ayisha plantation pond,Active,Single,0,,,"0",,Old Vythiri-Kunnathidavakka Road,15.00000000,Debris,Slide,Rapid,Retrogressive,Shallow planar failure,0.00000000,0.00000000,0.00000000,Lowly dissected hill,dripping,Low Height Plantation,,,,,Coffee plantation,RR wall/gabion wall should be given in the left flank of the slide for providing toe support and there by avoid nala erosion.Slope has to be eased with suitable benches.,,toe erosion by stream,"2018",,,Points2018andBefore,C:\Users\swati\Desktop\Wayanad Exports\New folder\Points2018andBefore\Points2018andBefore.shp
26052,76.02930000,11.52940000,KL/WYD/58A2/2018/01,2.00000000,Charnockite,,An earth side occurred on 14th  June 2018 at Aramalakunnu which affected the people and damage to the houses. Rock boulders are observed to be embedded in the soil column. Another adjacent house also got damaged with  small stripping failures. Crown crac,,18.00000000,8.00000000,12.00000000,144.00000000,Heavy rainfall,Rock boulders are seen embedded in the soil column. Another adjacent house also got damaged with small stripping failures. Panchayat foot track passes above the crown area of this slide. Crown cracks are developed. Two houses located above this landslide,288.00000000,II,Kerala,Wayanad,58A02,Aramalakunnu Landslide,Active,Single,0,,,"0",,Vythiri  Aramala Road,0.00000000,Soil,Slide,Very rapid,Retrogressive,Shallow rotational (?e? 5m) failure,0.00000000,0.00000000,0.00000000,Lowly dissected hill,Wet,Mixed cultivation,,3 nos.,,,,The vertical cut may be protected with proper retaining wall with weep holes. Crown cracks are to be treated in order to avoid percolation of water.,One house totally damaged,Unscientific slope modification and unprotected cut slope made for house construction. Incessant rainfall is the triggering factor which resulted in the reduction of strength on saturation and increase in pore water pressure.,"2018",,,Points2018andBefore,C:\Users\swati\Desktop\Wayanad Exports\New folder\Points2018andBefore\Points2018andBefore.shp
25543,76.02647200,11.53444400,KL/WYD/58A02/2018/56,1.00000000,Charnockite,40--->35,,,15.00000000,30.00000000,1.00000000,0.00000000,Rainfall in mm,,0.00000000,,Kerala,Wayanad,58A02,NH-212,Active,Multiple,0,,,"0",,NH-212,8.00000000,Rock cum debris,Slide,Extremely rapid,Retrogressive,Shallow planar failure,0.00000000,0.00000000,0.00000000,Lowly dissected hill,Dry,Forest,,,,Road blocked + removed,Forest + NH,Toe has to be protected with random rubble wall /gabion wall/ masonry wall with proper drainage outlet. Trees have to be uprooted inside the slide area.,,"reduction of strength on super-saturation, anthropogenic activities, unplanned cutting of slope","2018",,,Points2018andBefore,C:\Users\swati\Desktop\Wayanad Exports\New folder\Points2018andBefore\Points2018andBefore.shp
26054,76.02440000,11.53460000,KL/WYD/58A2/2018/03,1.00000000,Charnockite,,"A  debris  slide  was  occurred  on  14thJune  2018  at  the Veterinary College, Vythiri. The main cause is the unscientific slope modification for building construction. Remedial measures include easing of slope, provision of proper retaining structures",,22.00000000,8.00000000,18.00000000,176.00000000,Heavy rainfall,Ground cracks were developed at the hostel location,176.00000000,III,Kerala,Wayanad,58A02,Veterinary College Landslide,Reactivated,Single,0,,,"0",,Vythiri ?Co Kalpetta road,0.00000000,Debris,Slide,Rapid,Retrogressive / widening,Shallow rotational (?e? 5m) failure,0.00000000,0.00000000,0.00000000,Rolling plain,Dry,Mixed cultivation,,,,,,Easing of slope. Proper retaining structures with weep holes may be provided at the cut surfaces. Ground cracks are to be treated in order to avoid percolation of water.,One office building damaged,Unscientific slope modification and unprotected cut slope made for building construction. Incessant rainfall is the triggering factor which resulted in the reduction of strength on saturation and increase in pore water pressure.,"2018",,,Points2018andBefore,C:\Users\swati\Desktop\Wayanad Exports\New folder\Points2018andBefore\Points2018andBefore.shp
25544,76.01827800,11.53541700,KL/WYD/58A02/2018/57,4.00000000,Hornblende-biotite gneiss,,,,50.00000000,10.00000000,35.00000000,0.00000000,Rainfall in mm,,0.00000000,,Kerala,Wayanad,58A02,"85",Active,Multiple,0,,,"0",,Lakkidi-Kunnathidavaka road,150.00000000,Debris,Flow,Very rapid,Retrogressive,Shallow planar failure,0.00000000,0.00000000,0.00000000,Lowly dissected hill,Flowing,Forest,,,,Road damaged,Forest,"Precarious boulders, trees and debris materials have to be removed from the slide area and the drainage has to be channelized. Box culvert has to be provided at the road bench level.",,"reduction of strength on super-saturation, toe erosion by stream, gully erosion","2018",,,Points2018andBefore,C:\Users\swati\Desktop\Wayanad Exports\New folder\Points2018andBefore\Points2018andBefore.shp
26053,76.02150000,11.53560000,KL/WYD/58A2/2018/02,4.00000000,Charnockite,,"On 14th  June 2018, an earth slide occurred in the compound of Jawahar Vidhya Nagar school. The important causes include unscientific slope modification for building construction. Incessant rainfall resulted in the reduction of strength on saturation and",,18.00000000,60.00000000,10.00000000,1080.00000000,Heavy rainfall,The landslide seems to be widening,4320.00000000,III,Kerala,Wayanad,58A02,Jawaharvidhya Nagar Landslide,Active,Single,0,,,"0",,Vythiri ?Co Kalpetta road,0.00000000,Soil,Slide,Rapid,Retrogressive,Shallow rotational (?e? 5m) failure,0.00000000,0.00000000,0.00000000,Rolling plain,Dry,Mixed cultivation,,,,,,The vertical cut may be protected with proper retaining wall with weep holes.,One office building affected,Unscientific slope modification and unprotected cut slope made for building construction. Incessant rainfall is the triggering factor which resulted in the reduction of strength on saturation and increase in pore water pressure.,"2018",,,Points2018andBefore,C:\Users\swati\Desktop\Wayanad Exports\New folder\Points2018andBefore\Points2018andBefore.shp
25941,76.04152800,11.53636100,KL/WYD/58A02/2018/22,2.00000000,Charnockite,,,,65.00000000,20.00000000,35.00000000,0.00000000,"Rainfall in mm, anthropogenic factors likeRoad cutting",,0.00000000,,Kerala,Wayanad,58A02,Vattappara2,Active,Multiple,0,,,"0",,Old Vythiri-Kunnathidavakka Road,40.00000000,Debris,Slide,Rapid,Retrogressive,Shallow rotational failure,0.00000000,0.00000000,0.00000000,Lowly dissected hill,Wet,"Settlement + coffee, tea plantation",,,,Road damaged by transverse cracks and blocked at toe,Agriculture,Retaining wall/masonry wall with weep holes/gabion wall to cover main scarp above and below road level to protect the houses from retrogression of the slide.,"house affected, cracks in the wall","pore water pressure , anthropogenic activities","2018",,,Points2018andBefore,C:\Users\swati\Desktop\Wayanad Exports\New folder\Points2018andBefore\Points2018andBefore.shp
25928,76.03577800,11.53666700,KL/WYD/58A02/2018/21,2.00000000,Charnockite,,,,15.00000000,20.00000000,11.00000000,0.00000000,Anthropogenic factors likeRoad cutting,,0.00000000,,Kerala,Wayanad,58A02,Vattappara1,Active,Multiple,0,,,"0",,NH-212,15.00000000,Debris,Slide,Rapid,Retrogressive,Shallow planar failure,0.00000000,0.00000000,0.00000000,Lowly dissected hill,Wet,Settlement,,,,,,Retaining wall /masonry wall with proper drainage arrangements has to be provided. Easing the slope with benching. Ensure the smooth discharge of the drainage.,cracks developed in the walls of house,unplanned cutting of slope,"2018",,,Points2018andBefore,C:\Users\swati\Desktop\Wayanad Exports\New folder\Points2018andBefore\Points2018andBefore.shp
25944,76.05900000,11.53786100,KL/WYD/58A02/2018/25,5.00000000,Talc tremolite actinolite schist,,,,50.00000000,20.00000000,30.00000000,0.00000000,"Rainfall in mm, anthropogenic factors likeRoad cutting",,0.00000000,,Kerala,Wayanad,58A02,Niket,Active,Single,0,,,"0",,Vythiri-Niket Forest Road,35.00000000,Debris,Slide,Moderate,Retrogressive,Shallow rotational failure,0.00000000,0.00000000,0.00000000,Lowly dissected hill,Dry,Platation + Forest,,,,Private road blocked and damaged,Forest,"From crown to toe, slope has to be eased by providing berms of suitable width at regular intervals. Gabion/RR wall/stone wall  shall be provided.The road which connect with the resort have to be provided with RC wall with weep holes at road bench level a",,"reduction of strength on super-saturation, unplanned cutting of slope","2018",,,Points2018andBefore,C:\Users\swati\Desktop\Wayanad Exports\New folder\Points2018andBefore\Points2018andBefore.shp
25522,76.02750000,11.53750000,KL/WYD/58A02/2018/80,1.50000000,Charnockite,,,,8.00000000,60.00000000,7.00000000,0.00000000,Rainfall in mm,,0.00000000,,Kerala,Wayanad,58A02,Pookode lake 2,Active,Multiple,0,,,"0",,Pookode lake road,8.00000000,Rock cum debris,Slide,Very rapid,Retrogressive,Shallow planar failure,0.00000000,0.00000000,0.00000000,Lowly dissected hill,Dry,Forest,,,,Road blocked,Forest,Toe has to be protected with random rubble wall /gabion wall with easing of slope.,,"pore water pressure, reduction of strength on super-saturation, unplanned cutting of slope","2018",,,Points2018andBefore,C:\Users\swati\Desktop\Wayanad Exports\New folder\Points2018andBefore\Points2018andBefore.shp
25523,76.02722000,11.53888000,KL/WYD/58A02/2018/81,2.00000000,Charnockite,,,,7.00000000,25.00000000,6.00000000,0.00000000,Rainfall in mm,,0.00000000,,Kerala,Wayanad,58A02,Pookode lake 3,Active,Multiple,0,,,"0",,Pookode lake road,5.00000000,Rock cum debris,Slide,Very rapid,Retrogressive,Shallow planar failure,0.00000000,0.00000000,0.00000000,Lowly dissected hill,Dry,Forest,,,,Road blocked,Forest,Toe has to be protected with random rubble wall /gabion wall with easing of slope. Further cutting of slope is  ot recommended.,,"pore water pressure, reduction of strength on super-saturation, unplanned cutting of slope","2018",,,Points2018andBefore,C:\Users\swati\Desktop\Wayanad Exports\New folder\Points2018andBefore\Points2018andBefore.shp
25521,76.02722200,11.54000000,KL/WYD/58A02/2018/79,2.00000000,Charnockite,,,,12.00000000,10.00000000,11.00000000,0.00000000,Rainfall in mm,,0.00000000,,Kerala,Wayanad,58A02,Pookode lake 1,Active,Multiple,0,,,"0",,Pookode lake road,8.00000000,Rock cum debris,Slide,Very rapid,Retrogressive,Shallow planar failure,0.00000000,0.00000000,0.00000000,Lowly dissected hill,Dry,Forest,,,,Road blocked,,Toe has to be protected with random rubble wall /gabion wall with easing of slope. Trees inside slide has to be removed.,,"pore water pressure, reduction of strength on super-saturation, unplanned cutting of slope","2018",,,Points2018andBefore,C:\Users\swati\Desktop\Wayanad Exports\New folder\Points2018andBefore\Points2018andBefore.shp
25826,76.01061100,11.54044400,KL/WYD/58A02/2018/8,2.00000000,Hornblende-biotite gneiss,,,,30.00000000,45.00000000,20.00000000,0.00000000,Rainfall in mm,,0.00000000,,Kerala,Wayanad,58A02,Sugandhagiri 1,Active,Multiple,0,,,"0",,Sugandhagiri forest Rd,20.00000000,Debris,Slide,Moderate,Retrogressive,Shallow planar failure,0.00000000,0.00000000,0.00000000,Lowly dissected hill,Wet,Forest,,,,,Forest,RR wall/gabion wall of suitable dimention should be provided at the back side of the house for safety.,one house damaged,"pore waer pressure, reduction of srength on super-saturation","2018",,,Points2018andBefore,C:\Users\swati\Desktop\Wayanad Exports\New folder\Points2018andBefore\Points2018andBefore.shp
25656,76.05525800,11.54412800,KL/WYD/58A02/2018/28,1.00000000,Charnockite,,,,80.00000000,15.00000000,45.00000000,0.00000000,Rainfall in mm,,0.00000000,,Kerala,Wayanad,58A02,Thalimala Ayisha 2,Active,Single,0,,,"0",,Vythiri-Thailakunnu-Thalimala Road,70.00000000,Debris,Slide,Moderate,Retrogressive,Shallow planar failure,0.00000000,0.00000000,0.00000000,Lowly dissected hill,Wet,Tea Plantation,,,,2 roads damaged (private),Tea Plantation,RR wall/stone wall of suitable dimension with proper drainage outlet to be provided at road cut.,,"pore water pressure, anthropogenic activities","2018",,,Points2018andBefore,C:\Users\swati\Desktop\Wayanad Exports\New folder\Points2018andBefore\Points2018andBefore.shp
25854,76.01352800,11.54358300,KL/WYD/58A02/2018/14,5.00000000,Hornblende-biotite gneiss,,,,30.00000000,20.00000000,20.00000000,0.00000000,Rainfall in mm,,0.00000000,,Kerala,Wayanad,58A02,Sugandhagiri 2nd unit 6,Active,Multiple,0,,,"0",,Sugandhagiri forest Rd,50.00000000,Debris,Flow,Rapid,Retrogressive,Shallow planar failure,0.00000000,0.00000000,0.00000000,Lowly dissected hill,Dry,Forest,,,,Road blocked,Forest,Retaining wall /masonry wall to cover main scarp may provided as the existing stone wall washed away during this slide. Toe support should be provided at road bench level,,,"2018",,,Points2018andBefore,C:\Users\swati\Desktop\Wayanad Exports\New folder\Points2018andBefore\Points2018andBefore.shp
25945,76.04491700,11.54494400,KL/WYD/58A02/2018/26,1.50000000,Charnockite,,,,15.00000000,12.00000000,12.00000000,0.00000000,Rainfall in mm,,0.00000000,,Kerala,Wayanad,58A02,Thalimala charity bridge,Active,Single,0,,,"0",,Vythiri-Thalimala Road,10.00000000,Rock cum debris,Slide,Very rapid,Retrogressive,Shallow planar failure,0.00000000,0.00000000,0.00000000,Pediplain,Wet,settlement + opposite back tea plantation,,,,Nala blocked,Agriculture,Construction of retaining wall for the entire vulnerable stretch with weep holes. Backfilling at the site has to be done for a height of about 4m. Easing the upslope area with benches. Seewage water from the houses has to be channelised away from the vul,2 nos. houses damaged + Rc wall damaged,Due to heavy rain the pore water pressure increased and the strength of the soil reduced. Along with this toe erosion by stream also caused the landslide.,"2018",,,Points2018andBefore,C:\Users\swati\Desktop\Wayanad Exports\New folder\Points2018andBefore\Points2018andBefore.shp
25942,76.04319800,11.54516700,KL/WYD/58A02/2018/23,5.00000000,Charnockite,,,,34.00000000,35.00000000,25.00000000,0.00000000,"Rainfall in mm, anthropogenic factors likeRoad cutting",,0.00000000,,Kerala,Wayanad,58A02,Ayisha plantation1,Active,Multiple,0,,,"0",,Vythiri-Ayisha Plantation Road,30.00000000,Rock cum debris,Slide,Rapid,Retrogressive,Shallow rotational failure,0.00000000,0.00000000,0.00000000,Pediplain,Dry,Plantation,,,,Road damaged,,Damaged stone wall should be replaced with suitable retaining structure like masonry wall/ retaining wall with weep holes. Drainage has to be channelised and provide benches in slope with back filling. Precariously perched huge rock boulder has to be rem,,"pore water pressure, unplanned cutting of slope","2018",,,Points2018andBefore,C:\Users\swati\Desktop\Wayanad Exports\New folder\Points2018andBefore\Points2018andBefore.shp
25850,76.01169400,11.54483300,KL/WYD/58A02/2018/10,4.00000000,Hornblende-biotite gneiss,140/87 --SW,,,25.00000000,6.00000000,20.00000000,0.00000000,Rainfall in mm,,0.00000000,,Kerala,Wayanad,58A02,Sugandhagiri 2nd unit 2,Active,Multiple,0,,,"0",,Sugandhagiri forest Rd,20.00000000,Debris,Flow,Moderate,Retrogressive,Shallow planar failure,0.00000000,0.00000000,0.00000000,Lowly dissected hill,Flowing,Forest,,,,,Forest,"RR wall/gabion wall of suitable dimention with proper drainage arrangements should be provided at left bank of nala/stream. As overburden thickness is around 3m, slope may be modified.",,Toe erosion by stream,"2018",,,Points2018andBefore,C:\Users\swati\Desktop\Wayanad Exports\New folder\Points2018andBefore\Points2018andBefore.shp
25827,76.01083300,11.54502800,KL/WYD/58A02/2018/9,5.00000000,Hornblende-biotite gneiss,,,,85.00000000,12.00000000,50.00000000,0.00000000,Rainfall in mm,"A crack developed in front of a house above the left flank of the slide. Slide initiated on 2014, June-2018 and on 8th August 2018 due to heavy rainfall house completely washed out.",0.00000000,,Kerala,Wayanad,58A02,Sugandhagiri 2nd unit 1,Reactivated,Single,0,,,"0",,Sugandhagiri forest Rd,25.00000000,Rock cum debris,Slide,Rapid,Retrogressive,Shallow planar failure,0.00000000,0.00000000,0.00000000,Lowly dissected hill,,Forest,,"4",,road damaged,Forest,"A house above the left flank of the slide having 7m transverse crack towards slope. House (Owner: Chinnan Sankaran, 2nd unit, Sugandhagiri) located above the left flank must be relocated to safer place. Stream has to be channelized.",one house fully damaged,Palaeoslide got reactivated 3rd time and washed out the house. Unscientific toe cutting for construction of house made along the nala without toe support. Due to heavy rainfall nala carried  large amount of debris and soil. Overburden material got over s,"2018",,,Points2018andBefore,C:\Users\swati\Desktop\Wayanad Exports\New folder\Points2018andBefore\Points2018andBefore.shp
25946,76.04630300,11.54602800,KL/WYD/58A02/2018/27,2.00000000,Charnockite,,,,10.00000000,60.00000000,8.00000000,0.00000000,"Rainfall in mm, anthropogenic factors likeRoad cutting",,0.00000000,,Kerala,Wayanad,58A02,Thalimala Ayisha1,Active,Multiple,0,,,"0",,Vythiri-Thailakunnu-Thalimala Road,5.00000000,Debris,Slide,Moderate,Retrogressive,Shallow planar failure,0.00000000,0.00000000,0.00000000,Colluvial footslope,Wet,Tea Plantation,,,,Road blocked,Tea Plantation,RR wall/stone wall with proper drainage outlet should be provided at road cut.,,unplanned cutting of slope,"2018",,,Points2018andBefore,C:\Users\swati\Desktop\Wayanad Exports\New folder\Points2018andBefore\Points2018andBefore.shp
25853,76.00886100,11.54619400,KL/WYD/58A02/2018/13,4.00000000,Hornblende-biotite gneiss,,,,18.00000000,10.00000000,12.00000000,0.00000000,Rainfall in mm,,0.00000000,,Kerala,Wayanad,58A02,Sugandhagiri 2nd unit 5,Active,Single,0,,,"0",,Sugandhagiri forest Rd,50.00000000,Debris,Flow,Moderate,Retrogressive,,0.00000000,0.00000000,0.00000000,Lowly dissected hill,Wet,Low Height Plantation,,,,Road blocked and damaged,Forest,RR wall/gabion wall of suitable dimention with proper drainage arrangements should be provided at road bench level,,"pore water pressure, reduction of strength on super-saturation","2018",,,Points2018andBefore,C:\Users\swati\Desktop\Wayanad Exports\New folder\Points2018andBefore\Points2018andBefore.shp
25852,76.00922200,11.54769400,KL/WYD/58A02/2018/12,0.00000000,Hornblende-biotite gneiss,,,,30.00000000,12.00000000,20.00000000,0.00000000,Rainfall in mm,,0.00000000,,Kerala,Wayanad,58A02,Sugandhagiri 2nd unit 4,Active,,0,,,"0",,Sugandhagiri forest Rd,170.00000000,Debris,Flow,Very rapid,Retrogressive,Deep planar failure,0.00000000,0.00000000,0.00000000,Lowly dissected hill,dripping,Plantation,,,,road damaged,,"Construction is not advisable at close proximity to the slide. The house has to be relocated to safer zone. It is suggested to channelize the existing nala and provide proper retaining wall with weep holes in flank of the slide, where settlement located","cracks developed in the house, left side wall","The slide triggered due to heavy rainfall and gully erosion along the nala carried huge rock boulders, overburden material along the nala course and damaged the road at toe portion.. Due to steep slope slide was very rapidly moved.","2018",,,Points2018andBefore,C:\Users\swati\Desktop\Wayanad Exports\New folder\Points2018andBefore\Points2018andBefore.shp
25851,76.00877800,11.54777800,KL/WYD/58A02/2018/11,4.00000000,Hornblende-biotite gneiss,,,,10.00000000,12.00000000,8.00000000,0.00000000,Rainfall in mm,,0.00000000,,Kerala,Wayanad,58A02,Sugandhagiri 2nd unit 3,Active,Single,0,,,"0",,Sugandhagiri forest Rd,40.00000000,Debris,Flow,Rapid,Retrogressive,Shallow rotational failure,0.00000000,0.00000000,0.00000000,Lowly dissected hill,Flowing,Low Height Plantation,,,,,,gabion wall of suitable dimention with proper drainage channelization/arrangements should be provided.,,"Toe erosion by stream, gully erosion","2018",,,Points2018andBefore,C:\Users\swati\Desktop\Wayanad Exports\New folder\Points2018andBefore\Points2018andBefore.shp
25657,76.05577800,11.54969400,KL/WYD/58A02/2018/29,2.00000000,Charnockite,S1 35--175,,,20.00000000,60.00000000,12.00000000,0.00000000,Anthropogenic factors likeRoad cutting,Unscientific slope cut without toe support.,0.00000000,,Kerala,Wayanad,58A02,Thalimala ayisha 3,Active,Single,0,,,"0",,Vythiri-Thailakunnu-Thalimala Road,25.00000000,Rock cum debris,Slide,Rapid,Retrogressive,Shallow planar failure,0.00000000,0.00000000,0.00000000,Lowly dissected hill,Wet,Plantation,,,,Road blocked and damaged,Coffee plantation,RR wall/stone wall with proper draiange outlet should be provided at road cut.,,"pore water pressure, unplanned cutting of slope","2018",,,Points2018andBefore,C:\Users\swati\Desktop\Wayanad Exports\New folder\Points2018andBefore\Points2018andBefore.shp
25545,76.03860000,11.55000000,KL/WYD/58A02/2018/83,2.00000000,Charnockite,,,,9.00000000,12.00000000,8.00000000,0.00000000,Rainfall in mm,,0.00000000,,Kerala,Wayanad,58A02,Vythiri 3,Active,Multiple,0,,,"0",,NH-212,6.00000000,Rock cum debris,Slide,Very rapid,Retrogressive,Shallow planar failure,0.00000000,0.00000000,0.00000000,Lowly dissected hill,Dry,Settlement,,,,Road blocked,Settlement and NH,Existing stone wall damaged by slide.Slide stretch of road has to be provided with retaining wall/masonry wall with weep holes. Slope easing/modification may needed.,,"pore water pressure, reduction of strength on super-saturation","2018",,,Points2018andBefore,C:\Users\swati\Desktop\Wayanad Exports\New folder\Points2018andBefore\Points2018andBefore.shp
25520,76.03500000,11.55055000,KL/WYD/58A02/2018/78,1.00000000,Charnockite,,,,7.00000000,15.00000000,6.00000000,0.00000000,Rainfall in mm,,0.00000000,,Kerala,Wayanad,58A02,Pookod-Pozhuthana Rd,Active,Multiple,0,,,"0",,Pookod-Pozhuthana Rd,5.00000000,Rock cum debris,Slide,Very rapid,Retrogressive,Shallow planar failure,0.00000000,0.00000000,0.00000000,Lowly dissected hill,Dry,Low Height Plantation,,,,Road blocked,Coffee plantation,Toe has to be protected with random rubble wall /gabion wall with easing of slope is recommended.,,"pore water pressure, reduction of strength on super-saturation, unplanned cutting of slope","2018",,,Points2018andBefore,C:\Users\swati\Desktop\Wayanad Exports\New folder\Points2018andBefore\Points2018andBefore.shp
5838,75.94777800,11.63222200,KRL/WAY/54M14/2015/155,4.00000000,Hornblende-biotite gneiss,,,"Sulal NL  et al., 2016. Marcoscale Landslide Susceptibility Map for mountainous/hilly region on GIS platform for toposheets nos 49M/14 and 53A/3, Kozikode, Wayanad and Malappuram districts, Kerala. Unpub. GSI Report of FS 2014-16.",75.00000000,10.00000000,12.00000000,750.00000000,Rainfall,,3000.00000000,,Kerala,Wayanad,49M14,Ladysmith reserved forest,Active,Single,2008,,,,,"-",0.00000000,Debris,Flow,Rapid,Confined,Shallow translational failure,0.00000000,0.00000000,0.00000000,Rolling plain,Wet,Moderate vegetation,,,,,,Retaining wall,,Porewater pressure,"2018",,,Points2018andBefore,C:\Users\swati\Desktop\Wayanad Exports\New folder\Points2018andBefore\Points2018andBefore.shp
5841,75.95500000,11.63277800,KRL/WAY/54M14/2015/158,3.00000000,Hornblende-biotite gneiss,,,"Sulal NL  et al., 2016. Marcoscale Landslide Susceptibility Map for mountainous/hilly region on GIS platform for toposheets nos 49M/14 and 53A/3, Kozikode, Wayanad and Malappuram districts, Kerala. Unpub. GSI Report of FS 2014-16.",10.00000000,4.00000000,5.00000000,40.00000000,Rainfall,,120.00000000,,Kerala,Wayanad,49M14,Ladysmith reserved forest,Active,Single,2007,,,,,"-",0.00000000,Debris,Slide,Rapid,Confined,Shallow translational failure,0.00000000,0.00000000,0.00000000,Lowly dissected hill,Wet,Thick vegetation,,,,One bridge,,,,Porewater pressure,"2018",,,Points2018andBefore,C:\Users\swati\Desktop\Wayanad Exports\New folder\Points2018andBefore\Points2018andBefore.shp
5840,75.95916700,11.63083300,KRL/WAY/54M14/2015/157,15.00000000,Hornblende-biotite gneiss,,,"Sulal NL  et al., 2016. Marcoscale Landslide Susceptibility Map for mountainous/hilly region on GIS platform for toposheets nos 49M/14 and 53A/3, Kozikode, Wayanad and Malappuram districts, Kerala. Unpub. GSI Report of FS 2014-16.",15.00000000,20.00000000,6.00000000,300.00000000,Rainfall,,4500.00000000,,Kerala,Wayanad,49M14,Ladysmith reserved forest,Active,Single,2004,,,,,"-",0.00000000,Debris,Flow,Rapid,Confined,Shallow translational failure,0.00000000,0.00000000,0.00000000,Rolling plain,Wet,Moderate vegetation,,,,,,Retaining wall,,Porewater pressure,"2018",,,Points2018andBefore,C:\Users\swati\Desktop\Wayanad Exports\New folder\Points2018andBefore\Points2018andBefore.shp
25390,75.98744400,11.63194400,KL/WYD/49M14/2018/8,3.00000000,Hornblende-biotite gneiss,,,,1.00000000,40.00000000,10.00000000,0.00000000,Rainfall in mm,,0.00000000,,Kerala,Wayanad,49M14,Ettamvayal 2,Active,Multiple,0,,,"0",,Vythiri-Tharuvana road,10.00000000,Rock cum debris,Slide,Very rapid,Retrogressive,Shallow planar failure,0.00000000,0.00000000,0.00000000,Pediplain,Dry,Forest,,,,Road blocked,Forest,Entire slide stretch has to be protected with RC wall /masonry wall with weep holes. Cut slope  may be modified with easing of slope. Trees has to be uprooted from the slide area. Drainage line must be channelized.,,"pore water pressure, reduction of strength on super-saturation, unplanned cutting of slope","2018",,,Points2018andBefore,C:\Users\swati\Desktop\Wayanad Exports\New folder\Points2018andBefore\Points2018andBefore.shp
25389,75.98794400,11.63177800,KL/WYD/49M14/2018/7,2.00000000,Hornblende-biotite gneiss,,,,7.00000000,10.00000000,6.00000000,0.00000000,Rainfall in mm,,0.00000000,,Kerala,Wayanad,49M14,Ettamvayal 1,Active,Single,0,,,"0",,Vythiri-Tharuvana road,5.00000000,Rock cum debris,Slide,Very rapid,Retrogressive,Shallow planar failure,0.00000000,0.00000000,0.00000000,Pediplain,Dry,Forest upslope,,,,Road blocked +,Forest,At toe portion existing RR wall height must be increased 2-3m for full stretch of slide area along the road.  Drainage to be channelized properly,,"pore water pressure, reduction of strength on super-saturation, unplanned cutting of slope","2018",,,Points2018andBefore,C:\Users\swati\Desktop\Wayanad Exports\New folder\Points2018andBefore\Points2018andBefore.shp
25651,75.99602800,11.55358300,KL/WYD/49M14/2018/2,4.00000000,Hornblende-biotite gneiss,170/55 --SE S1,,,15.00000000,35.00000000,12.00000000,0.00000000,,,0.00000000,,Kerala,Wayanad,49M14,Sugandhagiri 4th unit 2,Active,Multiple,0,,,"0",,Sugandhagiri forest Rd,45.00000000,Rock cum debris,Slide,Very rapid,Retrogressive,Shallow planar failure,0.00000000,0.00000000,0.00000000,Lowly dissected hill,Dry,Forest (Open scrub),,,,,Forest,Forest area. Toe protection may be provided as per the site condition.,,,"2018",,,Points2018andBefore,C:\Users\swati\Desktop\Wayanad Exports\New folder\Points2018andBefore\Points2018andBefore.shp
25806,75.99705600,11.61377800,KL/WYD/49M14/2018/5,3.00000000,Hornblende-biotite gneiss,S1:320/70---NE,,,150.00000000,8.00000000,871.00000000,0.00000000,Rainfall in mm,,0.00000000,,Kerala,Wayanad,49M14,Idiyamvayal,Active,Single,0,,,"0",,Pozhuthana-Padinjarathara Road,150.00000000,Debris,Flow,Very rapid,Retrogressive,Shallow planar failure,0.00000000,0.00000000,0.00000000,Lowly dissected hill,Wet,Tea Plantation,,,,,Forest,Drainage has to be channelised. Box culvert with suitable dimensions should be provided at road bench level,,"pore water pressure,gully erosion","2018",,,Points2018andBefore,C:\Users\swati\Desktop\Wayanad Exports\New folder\Points2018andBefore\Points2018andBefore.shp
25652,75.99847200,11.55738900,KL/WYD/49M14/2018/3,1.50000000,Hornblende-biotite gneiss,,,,12.00000000,16.00000000,10.00000000,0.00000000,Rainfall in mm,,0.00000000,,Kerala,Wayanad,49M14,Chennayakavala 1,Active,Single,0,,,"0",,Sugandhagiri forest,5.00000000,Debris,Slide,Very rapid,Retrogressive,Shallow planar failure,0.00000000,0.00000000,0.00000000,Lowly dissected hill,Dry,settlement,,,,,,Retaining wall/masonry wall with weep holes to cover main scarp their by protect the house. Easing the upslope area with benches. Trees present close proxity to the crown area has to be uprooted.,house affected,"unplanned cutting of slope, unplanned construction","2018",,,Points2018andBefore,C:\Users\swati\Desktop\Wayanad Exports\New folder\Points2018andBefore\Points2018andBefore.shp
25960,75.99897200,11.55283300,KL/WYD/49M14/2018/1,5.00000000,Hornblende-biotite gneiss,S1 320-- NE,,,600.00000000,30.00000000,150.00000000,0.00000000,Rainfall in mm,,0.00000000,,Kerala,Wayanad,49M14,Sugandhagiri 4th unit 1,Active,Single,0,,,"0",,Sugandhagiri forest Rd,0.00000000,Debris,Flow,Rapid,Retrogressive,Deep rotational failure,0.00000000,0.00000000,0.00000000,Lowly dissected hill,dripping,Forest,,,,,Forest,"Existing house has to be evacuated. In the upstream side, retaining wall with weep holes may be provided to control the erosion. The trees along the nala course should be removed/uprooted and the drainage has to be channelized.",1 house washed,The debris flow occurred due to heavy rainfall lead to gully erosion along the both side of the nala and trees fallen in nala course leads to blockage of nala course near check dam. At main scarp weathered rock exposure is visible and natural slope distu,"2018",,,Points2018andBefore,C:\Users\swati\Desktop\Wayanad Exports\New folder\Points2018andBefore\Points2018andBefore.shp
25824,76.00038900,11.54197200,KL/WYD/58A02/2018/6,8.00000000,Hornblende-biotite gneiss,,,,180.00000000,60.00000000,150.00000000,0.00000000,Rainfall in mm,,0.00000000,,Kerala,Wayanad,58A02,50Acre,Active,Single,0,,,"0",,Sugandhagiri forest Rd,500.00000000,Debris,Flow,Very rapid,Retrogressive,Shallow planar failure,0.00000000,0.00000000,0.00000000,Lowly dissected hill,Flowing,Dense forest (TV),,,,,Forest,The drainage should be channelized with proper gabions/RC wall and inside the nala. Uprooted trees have to be removed from the regular course. On the right bank RC/gabion wall to be given to protect the settlement. Damaged house should be relocated to sa,one house washed out.,"Heavy rainfall caused flood and increased erosion along the nala. Thus the strength of the overburden got reduced. eroded materials, which includes, huge boulders and trees fallen along the nala course and formed temporary lake. Due to this nala blocked","2018",,,Points2018andBefore,C:\Users\swati\Desktop\Wayanad Exports\New folder\Points2018andBefore\Points2018andBefore.shp
25653,76.00136100,11.55875000,KL/WYD/58A02/2018/16,3.00000000,Hornblende-biotite gneiss,,,,35.00000000,25.00000000,22.00000000,0.00000000,Rainfall in mm,,0.00000000,,Kerala,Wayanad,58A02,Chennayakavala 2,Active,Single,0,,,"0",,Sugandhagiri forest,200.00000000,Rock cum debris,Flow,Very rapid,Retrogressive,Shallow planar failure,0.00000000,0.00000000,0.00000000,Lowly dissected hill,Dry,Forest,,,,,Forest cover,Drainage to be channelised.Box culvert with suitable dimension should be provided at road bench level,,The debris slide occurred due to heavy rainfall led to increase of pore water pressure and reduction of slope stability which resulted in slope failure in the coffee plantation. Above main scarp 12 m length crown crack observed and natural slope disturbe,"2018",,,Points2018andBefore,C:\Users\swati\Desktop\Wayanad Exports\New folder\Points2018andBefore\Points2018andBefore.shp
25654,76.00141700,11.55580600,KL/WYD/58A02/2018/17,5.00000000,Hornblende-biotite gneiss,,,,18.00000000,12.00000000,13.00000000,0.00000000,Rainfall in mm,One stream has been blocked. Loose debris cover is having >4m thickness. A crack has developed in front of the house placed above the crown.,0.00000000,,Kerala,Wayanad,58A02,Chennayakavala 3,Active,Single,0,,,"0",,Sugandhagiri forest,90.00000000,Debris,Slide,Moderate,Retrogressive,Shallow planar failure,0.00000000,0.00000000,0.00000000,Lowly dissected hill,,Plantation,,,,,Plantation,Retaining wall with weep holes to be provided at main scarp area upto the ground level to avoid further reactivation of the slide. Nala has to be channelized. gabion wall should be provided along the runoff to control the erosion of slope. Down slope fro,,The debris slide occurred due to heavy rainfall led to increase of pore water pressure and reduction of slope stability which resulted in slope failure in the coffee plantation. Above main scarp 12 m length crown crack observed and natural slope disturbe,"2018",,,Points2018andBefore,C:\Users\swati\Desktop\Wayanad Exports\New folder\Points2018andBefore\Points2018andBefore.shp
25655,76.00147200,11.55508300,KL/WYD/58A02/2018/18,5.00000000,Hornblende-biotite gneiss,,,,25.00000000,20.00000000,14.00000000,0.00000000,Rainfall in mm,,0.00000000,,Kerala,Wayanad,58A02,Chennayakavala 4,Active,Single,0,,,"0",,Sugandhagiri forest,45.00000000,Debris,Slide,Rapid,Retrogressive,Shallow rotational failure,0.00000000,0.00000000,0.00000000,Lowly dissected hill,Wet,Plantation,,,,road blocked,Plantation,"Retaining wall /masonry wall with weep holes has to be provided to cover main scarp to avoid retrogression, which will affect the existing road at the crown level. Drainage has to be channelised and boulders along the nala has to be removed to avoid clog",one house totally damaged,The debris slide occurred due to unscientific slope cut without toe support for construction and heavy rainfall lead to increase of pore water pressure and reduction of slope stability which resulted in slope failure. At main scarp no rock exposure is vi,"2018",,,Points2018andBefore,C:\Users\swati\Desktop\Wayanad Exports\New folder\Points2018andBefore\Points2018andBefore.shp
25855,76.00258300,11.54900000,KL/WYD/58A02/2018/15,5.00000000,Hornblende-biotite gneiss,,,,20.00000000,30.00000000,15.00000000,0.00000000,Rainfall in mm,,0.00000000,,Kerala,Wayanad,58A02,Sugandhagiri 3rd unit,Active,Multiple,0,,,"0",,Sugandhagiri forest Rd,100.00000000,Debris,Flow,Rapid,Retrogressive,Shallow rotational failure,0.00000000,0.00000000,0.00000000,Lowly dissected hill,Flowing,Plantation,,,,Road blocked,Plantation/Brittle nut,Stream/drainage has to be channelised and precarious boulders and fallen trees along the flow path has to be removed.  Box culvert of suitable dimension has to be provided at road bench level,,gully erosion,"2018",,,Points2018andBefore,C:\Users\swati\Desktop\Wayanad Exports\New folder\Points2018andBefore\Points2018andBefore.shp
25825,76.00422200,11.53919400,KL/WYD/58A02/2018/7,2.00000000,Hornblende-biotite gneiss,,,,15.00000000,7.00000000,10.00000000,0.00000000,Rainfall in mm,,0.00000000,,Kerala,Wayanad,58A02,50Acre 2,Active,Single,0,,,"0",,Sugandhagiri forest Rd,50.00000000,Debris,Flow,Rapid,Retrogressive,Shallow planar failure,0.00000000,0.00000000,0.00000000,Colluvial footslope,Dripping,Forest + Plantation,,,,,Coffee plantation,RR wall/gabion wall of suitable dimention with proper drainage arrangements should be provided.,house damaged,"pore water pressure, gully erosion","2018",,,Points2018andBefore,C:\Users\swati\Desktop\Wayanad Exports\New folder\Points2018andBefore\Points2018andBefore.shp
25379,76.16472200,11.50222200,KL/WYD/58A02/2018/66,1.00000000,Granite,,,,7.00000000,60.00000000,6.00000000,0.00000000,Rainfall in mm,,0.00000000,,Kerala,Wayanad,58A02,Rattakolly,Active,Multiple,0,,,"0",,Meppadi-Rattakolly road,5.00000000,Soil,Slide,Very rapid,Retrogressive,Shallow planar failure,0.00000000,0.00000000,0.00000000,Pediplain,Wet,Tea plantation,,,,Road blocked,Coffee plantation,Existing masonry/RC wall provided without weep/drain holes to be modified with providing holes for draining. Support structure has to be extended for full stretch of affected road with easing of slopes.,,"pore water pressure, reduction of strength on super-saturation, unplanned cutting of slope","2018",,,Points2018andBefore,C:\Users\swati\Desktop\Wayanad Exports\New folder\Points2018andBefore\Points2018andBefore.shp
25367,76.16472200,11.50222200,KL/WYD/58A02/2018/65,3.00000000,Quartz-feLow Dissected Hillslopepar-garnet granulite,,,,25.00000000,18.00000000,21.00000000,0.00000000,Rainfall in mm,,0.00000000,,Kerala,Wayanad,58A02,Attamala,Active,Single,0,,,"0",,Chooralmala-Attamala road,15.00000000,Rock cum debris,Slide,Extremely rapid,Retrogressive,Shallow planar failure,0.00000000,0.00000000,0.00000000,Lowly dissected hill,Dry,Forest,,,,Road damaged +blocked,Tea plantation,The slided stretch of road has to be provided with retaining wall/masonry wall with weep holes. Slope easing/modification is needed by forming benches.,,"pore water pressure, reduction of strength on super-saturation, toe erosion by stream unplanned cutting of slope","2018",,,Points2018andBefore,C:\Users\swati\Desktop\Wayanad Exports\New folder\Points2018andBefore\Points2018andBefore.shp
5806,76.13580600,11.50579400,KRL/WAY/58A02/2015/85,1.50000000,Charnockite,,,"Trideep  et al., 2016. Marcoscale Landslide Susceptibility Mapping of Mananthavady-Kalpetta-Sultan Battery-Vazhikkadavu area in parts of toposheets nos 58A/1, A/2, A/5, A/6, A/7 and A/11, Wayanad and Malappuram districts, Kerala. Unpub. GSI Report of FS",65.00000000,20.00000000,50.00000000,1020.00000000,Rainfall,,1530.00000000,,Kerala,Wayanad,58A02,Tea Estate-Soochipara Rd,Active,Single,0,,,,,Mepadi-Churalmala Road,0.00000000,Rock cum Debris,Slide,Rapid,Confined,Shallow translational failure,0.00000000,0.00000000,0.00000000,Lowly dissected hill,Dry,Low Height Plantation,,,,,Agriculture,Retaining wall along with proper drainage outlet,,Pore water pressure,"2018",,,Points2018andBefore,C:\Users\swati\Desktop\Wayanad Exports\New folder\Points2018andBefore\Points2018andBefore.shp
5966,76.13578300,11.51920600,KRL/WAY/58A02/2015/86,1.50000000,Charnockite,,,"Trideep  et al., 2016. Marcoscale Landslide Susceptibility Mapping of Mananthavady-Kalpetta-Sultan Battery-Vazhikkadavu area in parts of toposheets nos 58A/1, A/2, A/5, A/6, A/7 and A/11, Wayanad and Malappuram districts, Kerala. Unpub. GSI Report of FS",60.00000000,30.00000000,0.00000000,1485.00000000,Rainfall,,2227.50000000,,Kerala,Wayanad,58A02,Kalladi,Active,Single,2008,,,,,Mepadi-Churalmala Road,0.00000000,Debris,Slide,Rapid,Confined,Shallow translational failure,0.00000000,0.00000000,0.00000000,Lowly dissected hill,Wet,Thick vegetation,,,,Road damage,,Retaining wall along with proper drainage outlet,,Pore water pressure,"2018",,,Points2018andBefore,C:\Users\swati\Desktop\Wayanad Exports\New folder\Points2018andBefore\Points2018andBefore.shp
5970,76.16929400,11.52485300,KRL/WAY/58A02/2015/90,1.50000000,Gneiss,,,"Trideep  et al., 2016. Marcoscale Landslide Susceptibility Mapping of Mananthavady-Kalpetta-Sultan Battery-Vazhikkadavu area in parts of toposheets nos 58A/1, A/2, A/5, A/6, A/7 and A/11, Wayanad and Malappuram districts, Kerala. Unpub. GSI Report of FS",35.00000000,30.00000000,30.00000000,1050.00000000,Rainfall,,1575.00000000,,Kerala,Wayanad,58A02,Vallateri village road,Dormant,Single,0,,,,,"-",0.00000000,Debris,Slide,Rapid,Advancing,Shallow translational failure,0.00000000,0.00000000,0.00000000,Rolling plain,Wet,Moderate vegetation,,,,,,Aforestation,,Pore water pressure,"2018",,,Points2018andBefore,C:\Users\swati\Desktop\Wayanad Exports\New folder\Points2018andBefore\Points2018andBefore.shp
5804,76.14522200,11.52527500,KRL/WAY/58A02/2015/83,2.00000000,Charnockite,,,"Trideep  et al., 2016. Marcoscale Landslide Susceptibility Mapping of Mananthavady-Kalpetta-Sultan Battery-Vazhikkadavu area in parts of toposheets nos 58A/1, A/2, A/5, A/6, A/7 and A/11, Wayanad and Malappuram districts, Kerala. Unpub. GSI Report of FS",250.00000000,120.00000000,150.00000000,22000.00000000,Rainfall,,44000.00000000,,Kerala,Wayanad,58A02,Thanjirodu,Active,Single,2009,,,,,"-",0.00000000,Debris,Slide,Rapid,Confined,Shallow translational failure,0.00000000,0.00000000,0.00000000,Rolling plain,Dry,Moderate vegetation,,"2",,,Agriculture,,2 Houses,Pore water pressure,"2018",,,Points2018andBefore,C:\Users\swati\Desktop\Wayanad Exports\New folder\Points2018andBefore\Points2018andBefore.shp
5969,76.16323100,11.52618100,KRL/WAY/58A02/2015/89,1.50000000,Gneiss,,,"Trideep  et al., 2016. Marcoscale Landslide Susceptibility Mapping of Mananthavady-Kalpetta-Sultan Battery-Vazhikkadavu area in parts of toposheets nos 58A/1, A/2, A/5, A/6, A/7 and A/11, Wayanad and Malappuram districts, Kerala. Unpub. GSI Report of FS",50.00000000,25.00000000,40.00000000,1250.00000000,Rainfall,,1875.00000000,,Kerala,Wayanad,58A02,Vallateri road,Dormant,Single,0,,,,,"-",60.00000000,Debris,Slide,Rapid,Widening,Shallow translational failure,0.00000000,0.00000000,0.00000000,Rolling plain,Flowing,Moderate vegetation,,,,,,Tea cultivations,,Pore water pressure,"2018",,,Points2018andBefore,C:\Users\swati\Desktop\Wayanad Exports\New folder\Points2018andBefore\Points2018andBefore.shp
5968,76.15440600,11.52625800,KRL/WAY/58A02/2015/88,1.50000000,Gneiss,,,"Trideep  et al., 2016. Marcoscale Landslide Susceptibility Mapping of Mananthavady-Kalpetta-Sultan Battery-Vazhikkadavu area in parts of toposheets nos 58A/1, A/2, A/5, A/6, A/7 and A/11, Wayanad and Malappuram districts, Kerala. Unpub. GSI Report of FS",70.00000000,30.00000000,50.00000000,2100.00000000,Rainfall,,3150.00000000,,Kerala,Wayanad,58A02,Kanthapara1,Dormant,Single,2009,,,,,"-",0.00000000,Rock cum Debris,Slide,Rapid,Widening,Shallow translational failure,0.00000000,0.00000000,0.00000000,Rolling plain,Wet,Moderate vegetation,"1",,,,,Aforestation,,Pore water pressure,"2018",,,Points2018andBefore,C:\Users\swati\Desktop\Wayanad Exports\New folder\Points2018andBefore\Points2018andBefore.shp
5805,76.14401900,11.52658900,KRL/WAY/58A02/2015/84,2.50000000,Charnockite,,,"Trideep  et al., 2016. Marcoscale Landslide Susceptibility Mapping of Mananthavady-Kalpetta-Sultan Battery-Vazhikkadavu area in parts of toposheets nos 58A/1, A/2, A/5, A/6, A/7 and A/11, Wayanad and Malappuram districts, Kerala. Unpub. GSI Report of FS",250.00000000,80.00000000,100.00000000,14000.00000000,Rainfall,,35000.00000000,,Kerala,Wayanad,58A02,Thanjirodu1,Active,Single,2009,,,,,"-",0.00000000,Debris,Slide,Rapid,Confined,Shallow translational failure,0.00000000,0.00000000,0.00000000,Rolling plain,Dry,Moderate vegetation,,,,,Agriculture,,,Pore water pressure,"2018",,,Points2018andBefore,C:\Users\swati\Desktop\Wayanad Exports\New folder\Points2018andBefore\Points2018andBefore.shp
5967,76.15715600,11.52815000,KRL/WAY/58A02/2015/87,0.50000000,Gneiss,,,"Trideep  et al., 2016. Marcoscale Landslide Susceptibility Mapping of Mananthavady-Kalpetta-Sultan Battery-Vazhikkadavu area in parts of toposheets nos 58A/1, A/2, A/5, A/6, A/7 and A/11, Wayanad and Malappuram districts, Kerala. Unpub. GSI Report of FS",30.00000000,10.00000000,25.00000000,300.00000000,Rainfall,,150.00000000,,Kerala,Wayanad,58A02,Kanthapara,Active,Single,0,,,,,"-",0.00000000,Rock,Fall,Rapid,Advancing,,0.00000000,0.00000000,0.00000000,Rolling plain,Wet,Moderate vegetation,,,,,,,,Pore water pressure,"2018",,,Points2018andBefore,C:\Users\swati\Desktop\Wayanad Exports\New folder\Points2018andBefore\Points2018andBefore.shp
25366,76.14000000,11.53027700,KL/WYD/58A02/2018/64,1.00000000,Charnockite,,,,8.00000000,4.00000000,7.00000000,0.00000000,Rainfall in mm,,0.00000000,,Kerala,Wayanad,58A02,Nellimunda,Active,Single,0,,,"0",,Meppadi-Nellimunda-Arrapetta road,4.00000000,Debris,Slide,Very rapid,Retrogressive,Shallow planar failure,0.00000000,0.00000000,0.00000000,Lowly dissected hill,Dry,Tea plantation,,,,Road blocked,Tea plantation,Toe has to be protected with random rubble wall /gabion wall. Precarious boulders has to be removed from the slide area with easing of slope is recommended.,,"pore water pressure, unplanned cutting of slope","2018",,,Points2018andBefore,C:\Users\swati\Desktop\Wayanad Exports\New folder\Points2018andBefore\Points2018andBefore.shp
5595,76.18771900,11.53110800,KRL/WAY/58A02/2015/92,1.50000000,Gneiss,,,"Trideep  et al., 2016. Marcoscale Landslide Susceptibility Mapping of Mananthavady-Kalpetta-Sultan Battery-Vazhikkadavu area in parts of toposheets nos 58A/1, A/2, A/5, A/6, A/7 and A/11, Wayanad and Malappuram districts, Kerala. Unpub. GSI Report of FS",60.00000000,20.00000000,40.00000000,1200.00000000,Rainfall,,1800.00000000,,Kerala,Wayanad,58A02,Rippon tea estate,Dormant,Single,2012,,,,,Pichen-Noufal Road,0.00000000,Debris,Slide,Rapid,Widening,Shallow translational failure,0.00000000,0.00000000,0.00000000,Rolling plain,Wet,Low Height Plantation,,,,,,Aforestation,,Pore water pressure,"2018",,,Points2018andBefore,C:\Users\swati\Desktop\Wayanad Exports\New folder\Points2018andBefore\Points2018andBefore.shp
5594,76.18261400,11.53163600,KRL/WAY/58A02/2015/91,2.00000000,Gneiss,,,"Trideep  et al., 2016. Marcoscale Landslide Susceptibility Mapping of Mananthavady-Kalpetta-Sultan Battery-Vazhikkadavu area in parts of toposheets nos 58A/1, A/2, A/5, A/6, A/7 and A/11, Wayanad and Malappuram districts, Kerala. Unpub. GSI Report of FS",75.00000000,30.00000000,50.00000000,2250.00000000,Rainfall,,4500.00000000,,Kerala,Wayanad,58A02,Vallateri Pudukkod road,Dormant,Single,0,,,,,Pichen-Noufal Road,80.00000000,Debris,Slide,Rapid,Advancing,Shallow translational failure,0.00000000,0.00000000,0.00000000,Rolling plain,Flowing,Low Height Plantation,,,,,,Aforestation,,Pore water pressure,"2018",,,Points2018andBefore,C:\Users\swati\Desktop\Wayanad Exports\New folder\Points2018andBefore\Points2018andBefore.shp
5599,76.22844700,11.53419400,KRL/WAY/58A02/2015/96,2.00000000,Gneiss,,,"Trideep  et al., 2016. Marcoscale Landslide Susceptibility Mapping of Mananthavady-Kalpetta-Sultan Battery-Vazhikkadavu area in parts of toposheets nos 58A/1, A/2, A/5, A/6, A/7 and A/11, Wayanad and Malappuram districts, Kerala. Unpub. GSI Report of FS",200.00000000,70.00000000,100.00000000,14000.00000000,Rainfall,,28000.00000000,,Kerala,Wayanad,58A02,Nellimala-1,Dormant,Single,2008,,,,,Kozhokode - Vythiri-Gudallur Highway,0.00000000,Debris,Slide,Rapid,Diminishing,Shallow translational failure,0.00000000,0.00000000,0.00000000,Lowly dissected hill,Flowing,Thick vegetation,"1",,,,Agriculture,Aforestation,1 House,Pore water pressure,"2018",,,Points2018andBefore,C:\Users\swati\Desktop\Wayanad Exports\New folder\Points2018andBefore\Points2018andBefore.shp
5600,76.22863100,11.53474400,KRL/WAY/58A02/2015/97,1.50000000,Gneiss,,,"Trideep  et al., 2016. Marcoscale Landslide Susceptibility Mapping of Mananthavady-Kalpetta-Sultan Battery-Vazhikkadavu area in parts of toposheets nos 58A/1, A/2, A/5, A/6, A/7 and A/11, Wayanad and Malappuram districts, Kerala. Unpub. GSI Report of FS",140.00000000,40.00000000,100.00000000,5600.00000000,Rainfall,,8400.00000000,,Kerala,Wayanad,58A02,Nellimala-2,Dormant,Single,2008,,,,,Kozhokode - Vythiri-Gudallur Highway,0.00000000,Debris,Slide,Rapid,Confined,Shallow translational failure,0.00000000,0.00000000,0.00000000,Lowly dissected hill,Wet,Thick vegetation,,,,,Agriculture,Aforestation,2 House,Pore water pressure,"2018",,,Points2018andBefore,C:\Users\swati\Desktop\Wayanad Exports\New folder\Points2018andBefore\Points2018andBefore.shp
5596,76.18973900,11.53459700,KRL/WAY/58A02/2015/93,1.00000000,Gneiss,,,"Trideep  et al., 2016. Marcoscale Landslide Susceptibility Mapping of Mananthavady-Kalpetta-Sultan Battery-Vazhikkadavu area in parts of toposheets nos 58A/1, A/2, A/5, A/6, A/7 and A/11, Wayanad and Malappuram districts, Kerala. Unpub. GSI Report of FS",20.00000000,300.00000000,15.00000000,6000.00000000,Rainfall,,6000.00000000,,Kerala,Wayanad,58A02,Rippon tea estate,Dormant,Single,2010,,,,,Pichen-Noufal Road,0.00000000,Debris,Slide,Rapid,Widening,Shallow translational failure,0.00000000,0.00000000,0.00000000,Rolling plain,Wet,Low Height Plantation,,,,,,Aforestation,,Pore water pressure,"2018",,,Points2018andBefore,C:\Users\swati\Desktop\Wayanad Exports\New folder\Points2018andBefore\Points2018andBefore.shp
5598,76.22912200,11.53647800,KRL/WAY/58A02/2015/95,2.00000000,Gneiss,,,"Trideep  et al., 2016. Marcoscale Landslide Susceptibility Mapping of Mananthavady-Kalpetta-Sultan Battery-Vazhikkadavu area in parts of toposheets nos 58A/1, A/2, A/5, A/6, A/7 and A/11, Wayanad and Malappuram districts, Kerala. Unpub. GSI Report of FS",150.00000000,100.00000000,130.00000000,15000.00000000,Rainfall,,30000.00000000,,Kerala,Wayanad,58A02,Nellimala,Dormant,Single,2008,,,,,Kozhokode - Vythiri-Gudallur Highway,0.00000000,Rock cum Debris,Slide,Rapid,Advancing,Shallow translational failure,0.00000000,0.00000000,0.00000000,Lowly dissected hill,Wet,Moderate vegetation,,,,,Agriculture,Aforestation,1 well,Pore water pressure,"2018",,,Points2018andBefore,C:\Users\swati\Desktop\Wayanad Exports\New folder\Points2018andBefore\Points2018andBefore.shp
5780,76.15119200,11.53851700,KRL/WAY/58A02/2015/80,2.00000000,Schist,,,"Trideep  et al., 2016. Marcoscale Landslide Susceptibility Mapping of Mananthavady-Kalpetta-Sultan Battery-Vazhikkadavu area in parts of toposheets nos 58A/1, A/2, A/5, A/6, A/7 and A/11, Wayanad and Malappuram districts, Kerala. Unpub. GSI Report of FS",35.00000000,25.00000000,25.00000000,864.00000000,Rainfall,,1728.00000000,,Kerala,Wayanad,58A02,Arepetta-Anakkap,Active,Single,2010,,,,,Arapetta Road,0.00000000,Debris,Slide,Rapid,Confined,Shallow translational failure,0.00000000,0.00000000,0.00000000,Rolling plain,Dry,Moderate vegetation,,,,,Agriculture,,1 house & cattle shed,Pore water pressure,"2018",,,Points2018andBefore,C:\Users\swati\Desktop\Wayanad Exports\New folder\Points2018andBefore\Points2018andBefore.shp
5781,76.15018900,11.53881900,KRL/WAY/58A02/2015/81,3.00000000,Charnockite,,,"Trideep  et al., 2016. Marcoscale Landslide Susceptibility Mapping of Mananthavady-Kalpetta-Sultan Battery-Vazhikkadavu area in parts of toposheets nos 58A/1, A/2, A/5, A/6, A/7 and A/11, Wayanad and Malappuram districts, Kerala. Unpub. GSI Report of FS",300.00000000,45.00000000,250.00000000,10500.00000000,Rainfall,,31500.00000000,,Kerala,Wayanad,58A02,Anakkap - Near 1st Mile,Active,Single,2009,,,,,Arapetta Road,0.00000000,Debris,Slide,Rapid,Confined,Shallow translational failure,0.00000000,0.00000000,0.00000000,Rolling plain,Wet,Moderate vegetation,,,,,2 Acre Agriculture,,,Pore water pressure,"2018",,,Points2018andBefore,C:\Users\swati\Desktop\Wayanad Exports\New folder\Points2018andBefore\Points2018andBefore.shp
5779,76.15344200,11.54006100,KRL/WAY/58A02/2015/79,2.00000000,Gneiss,,,"Trideep  et al., 2016. Marcoscale Landslide Susceptibility Mapping of Mananthavady-Kalpetta-Sultan Battery-Vazhikkadavu area in parts of toposheets nos 58A/1, A/2, A/5, A/6, A/7 and A/11, Wayanad and Malappuram districts, Kerala. Unpub. GSI Report of FS",28.00000000,25.00000000,25.00000000,756.00000000,Rainfall,,1512.00000000,,Kerala,Wayanad,58A02,Arepetta-Anakkap (Cut Slope Failure),Active,Single,2010,,,,,Kozhokode - Vythiri-Gudallur Highway,0.00000000,Debris,Slide,Rapid,Confined,Shallow translational failure,0.00000000,0.00000000,0.00000000,Rolling plain,Wet,Extensive slope cut,,,,,,Retaining wall along with proper drainage outlet,,Pore water pressure,"2018",,,Points2018andBefore,C:\Users\swati\Desktop\Wayanad Exports\New folder\Points2018andBefore\Points2018andBefore.shp
6875,76.17287500,11.54046100,KRL/WAY/58A02/2015/56,0.50000000,Granite gneiss,,,"Trideep  et al., 2016. Marcoscale Landslide Susceptibility Mapping of Mananthavady-Kalpetta-Sultan Battery-Vazhikkadavu area in parts of toposheets nos 58A/1, A/2, A/5, A/6, A/7 and A/11, Wayanad and Malappuram districts, Kerala. Unpub. GSI Report of FS",20.00000000,12.00000000,12.00000000,216.00000000,Rainfall,Tea cultivations,108.00000000,,Kerala,Wayanad,58A02,,Dormant,Single,0,,,,,Kozhokode - Vythiri-Gudallur Highway,0.00000000,Rock cum Debris,Slide,Moderate,Confined,Shallow translational failure,0.00000000,0.00000000,0.00000000,Rolling plain,Wet,Low Height Plantation,,,,,,,,Pore water pressure,"2018",,,Points2018andBefore,C:\Users\swati\Desktop\Wayanad Exports\New folder\Points2018andBefore\Points2018andBefore.shp
6874,76.17276900,11.54081700,KRL/WAY/58A02/2015/55,1.00000000,Granite gneiss,,,"Trideep  et al., 2016. Marcoscale Landslide Susceptibility Mapping of Mananthavady-Kalpetta-Sultan Battery-Vazhikkadavu area in parts of toposheets nos 58A/1, A/2, A/5, A/6, A/7 and A/11, Wayanad and Malappuram districts, Kerala. Unpub. GSI Report of FS",40.00000000,20.00000000,25.00000000,800.00000000,Rainfall,Tea cultivations,800.00000000,,Kerala,Wayanad,58A02,,Dormant,Single,0,,,,,Kozhokode - Vythiri-Gudallur Highway,0.00000000,Rock cum Debris,Slide,Moderate,Confined,Shallow translational failure,0.00000000,0.00000000,0.00000000,Rolling plain,Wet,Low Height Plantation,,,,,,,,Pore water pressure,"2018",,,Points2018andBefore,C:\Users\swati\Desktop\Wayanad Exports\New folder\Points2018andBefore\Points2018andBefore.shp
5777,76.15452200,11.54079400,KRL/WAY/58A02/2015/77,2.00000000,Gneiss,,,"Trideep  et al., 2016. Marcoscale Landslide Susceptibility Mapping of Mananthavady-Kalpetta-Sultan Battery-Vazhikkadavu area in parts of toposheets nos 58A/1, A/2, A/5, A/6, A/7 and A/11, Wayanad and Malappuram districts, Kerala. Unpub. GSI Report of FS",120.00000000,70.00000000,80.00000000,7150.00000000,Rainfall,,14300.00000000,,Kerala,Wayanad,58A02,Arepetta-1,Active,Single,2010,,,,,Kozhokode - Vythiri-Gudallur Highway,0.00000000,Debris,Slide,Rapid,Confined,Shallow translational failure,0.00000000,0.00000000,0.00000000,Rolling plain,Dry,Low Height Plantation,,,,,Agriculture,,,Pore water pressure,"2018",,,Points2018andBefore,C:\Users\swati\Desktop\Wayanad Exports\New folder\Points2018andBefore\Points2018andBefore.shp
6860,76.16935000,11.47501400,KRL/MAL/54A03/2015/63,4.00000000,Charnockite,,,"Sulal NL  et al., 2016. Marcoscale Landslide Susceptibility Map for mountainous/hilly region on GIS platform for toposheets nos 49M/14 and 53A/3, Kozikode, Wayanad and Malappuram districts, Kerala. Unpub. GSI Report of FS 2014-16.",1000.00000000,500.00000000,150.00000000,500000.00000000,Rainfall,,2000000.00000000,,Kerala,Malappuram,58A03,Karimattam Estate,Dormant,Single,1984,,,,,Churalmala Road,0.00000000,Debris,Flow,Rapid,Confined,Shallow translational failure,0.00000000,0.00000000,0.00000000,Lowly dissected hill,Wet,Thick vegetation,,"16",,,Agricultural loss,,,Anthropogenic activities,"2018",,,Points2018andBefore,C:\Users\swati\Desktop\Wayanad Exports\New folder\Points2018andBefore\Points2018andBefore.shp
25530,76.03925000,11.84219400,KL/WYD/58A1/2018/132,2.00000000,Gabbro,,,,30.00000000,400.00000000,10.00000000,0.00000000,Rainfall in mm,,0.00000000,,Kerala,Wayanad,58A01,Kuricharmoola colony,Active,Multiple,0,,,"0",,Aanappara road,20.00000000,Soil,Subsidence,Slow,Retrogressive,Shallow planar failure,0.00000000,0.00000000,0.00000000,Pediplain,Dry,Settlement,,,,,,Detail study needed for appropriate remedial measures.,Houses affected,"pore water pressure, reduction of strength on super-saturation, afforestation","2018",,,Points2018andBefore,C:\Users\swati\Desktop\Wayanad Exports\New folder\Points2018andBefore\Points2018andBefore.shp
25505,75.94527800,11.84066700,KL/WYD/49M13/2018/7,2.00000000,Granite gneiss,,,,9.00000000,1.00000000,7.00000000,0.00000000,Rainfall in mm,,0.00000000,,Kerala,Wayanad,49M13,Thalapuzha 4,Active,Single,0,,,"0",,SH-59,8.00000000,Soil,Slide,Very rapid,Retrogressive,Shallow planar failure,0.00000000,0.00000000,0.00000000,Pediplain,Dry,Forest,,,,Road blocked,Forest,Toe has to be protected with random rubble wall /gabion wall with easing of slope is recommended.,,"pore water pressure, reduction of strength on super-saturation, unplanned cutting of slope","2018",,,Points2018andBefore,C:\Users\swati\Desktop\Wayanad Exports\New folder\Points2018andBefore\Points2018andBefore.shp
6789,75.91681400,11.84373900,KRL/KAN/48P12/2016/87,1.00000000,Granite gneiss,,,"Thrideep K and Limbraj WR., 2017. Marcoscale Landslide Susceptibility Mapping in parts of toposheets nos 48P/12, P/16, 49M/9 and M/13, Kozikode, Wayanad and Kannur districts, Kerala. Unpub. GSI Report of FS 2016-17.",40.00000000,25.00000000,0.00000000,1000.00000000,Rainfall,,1000.00000000,,Kerala,Kannur,49M13,Palchuram,Dormant,Single,0,,,,,Palchuram-Boys town rd,0.00000000,Debris,Slide,Rapid,Confined,Shallow rotational failure,0.00000000,0.00000000,0.00000000,Lowly dissected hill,Dry,Thick vegetation,,,,Road damaged,Forest,retaining wall with proper drainage outlet,,Reduction of stength on super-saturation,"2018",,,Points2018andBefore,C:\Users\swati\Desktop\Wayanad Exports\New folder\Points2018andBefore\Points2018andBefore.shp
7173,76.01394400,11.84750000,KRL/WAY/58A01/2015/46,0.50000000,Gneiss,,,"Trideep  et al., 2016. Marcoscale Landslide Susceptibility Mapping of Mananthavady-Kalpetta-Sultan Battery-Vazhikkadavu area in parts of toposheets nos 58A/1, A/2, A/5, A/6, A/7 and A/11, Wayanad and Malappuram districts, Kerala. Unpub. GSI Report of FS",20.00000000,10.00000000,18.00000000,180.00000000,Rainfall,Tea cultivations,90.00000000,,Kerala,Wayanad,58A01,Tachirakolli,Dormant,Single,1989,,,,,Thrishilery Road,0.00000000,Debris,Slide,Rapid,Confined,Shallow translational failure,0.00000000,0.00000000,0.00000000,Lowly dissected hill,Wet,Low Height Plantation,,,,,Agriculture,Retaining wall along with proper drainage outlet,,Pore water pressure,"2018",,,Points2018andBefore,C:\Users\swati\Desktop\Wayanad Exports\New folder\Points2018andBefore\Points2018andBefore.shp
7174,76.01027800,11.87286100,KRL/WAY/58A01/2015/47,3.00000000,Schist,,,"Trideep  et al., 2016. Marcoscale Landslide Susceptibility Mapping of Mananthavady-Kalpetta-Sultan Battery-Vazhikkadavu area in parts of toposheets nos 58A/1, A/2, A/5, A/6, A/7 and A/11, Wayanad and Malappuram districts, Kerala. Unpub. GSI Report of FS",80.00000000,25.00000000,75.00000000,1540.00000000,Rainfall,Inside the forest area,4620.00000000,,Kerala,Wayanad,58A01,Idinjimala,Dormant,Single,0,,,,,"-",0.00000000,Debris,Slide,Rapid,Confined,Shallow rotational failure,0.00000000,0.00000000,0.00000000,Moderately dissected hill,Dry,Sparse vegetation,,,,,Forest,,,Pore water pressure,"2018",,,Points2018andBefore,C:\Users\swati\Desktop\Wayanad Exports\New folder\Points2018andBefore\Points2018andBefore.shp
25529,76.03261100,11.87958300,KL/WYD/58A01/2018/4,2.00000000,Sericite schist,,,,8.00000000,80.00000000,7.00000000,0.00000000,Rainfall in mm,,0.00000000,,Kerala,Wayanad,58A01,Panavalli Rd,Active,Multiple,0,,,"0",,Panavalli Rd,5.00000000,Debris,Slide,Extremely rapid,Retrogressive,Shallow planar failure,0.00000000,0.00000000,0.00000000,Lowly dissected hill,Dry,Road cut (Extensive slope cut),,,,Road blocked,Road cut,Toe has to be protected with random rubble wall /gabion wall with easing of slope is recommended.,,"pore water pressure, reduction of strength on super-saturation, unplanned cutting of slope","2018",,,Points2018andBefore,C:\Users\swati\Desktop\Wayanad Exports\New folder\Points2018andBefore\Points2018andBefore.shp
25525,76.01180600,11.90288900,KL/WYD/58A01/2018/3,3.00000000,Diorite,,,,7.00000000,25.00000000,6.00000000,0.00000000,Rainfall in mm,,0.00000000,,Kerala,Wayanad,58A01,Tirunelli-Kattikulam Rd-3,Active,Multiple,0,,,"0",,Tirunelli-Kattikulam Rd,10.00000000,Soil,Slide,Extremely rapid,Retrogressive,Shallow planar failure,0.00000000,0.00000000,0.00000000,Colluvial footslope,Dry,Forest,,,,Road damaged + tensin cracks,Forest,"Downslope of slide, stretch below road level, has to be provided with retaining wall/masonry wall with weep holes. Drainage has to be channelized.",,"pore water pressure, reduction of strength on super-saturation, unplanned cutting of slope","2018",,,Points2018andBefore,C:\Users\swati\Desktop\Wayanad Exports\New folder\Points2018andBefore\Points2018andBefore.shp
25528,75.99972200,11.90366700,KL/WYD/49M13/2018/3,4.00000000,Gar-bio-sill gneiss + graphite + kyanite,,,,20.00000000,40.00000000,15.00000000,0.00000000,Rainfall in mm,,0.00000000,,Kerala,Wayanad,49M13,Vellachal,Active,Composite,0,,,"0",,Tirunelli-Kattikulam Rd,15.00000000,Debris,Slide,Extremely rapid,Retrogressive,Shallow planar failure,0.00000000,0.00000000,0.00000000,Pediplain,Dry,Settlement,,,,Road blocked,Mixed vegetable,Toe has to be provided with retaining wall / masonry wall with weep/drain holes with back filling. Forming of benches for slope.Drainage line must be channelized.,,"pore water pressure, reduction of strength on super-saturation, unplanned cutting of slope","2018",,,Points2018andBefore,C:\Users\swati\Desktop\Wayanad Exports\New folder\Points2018andBefore\Points2018andBefore.shp
25502,76.01644400,11.90411100,KL/WYD/58A01/2018/1,2.00000000,Diorite,"N75E/8NW (-----------) J1 345/65NE , P-733 3Y",,,8.00000000,25.00000000,7.00000000,0.00000000,Rainfall in mm,,0.00000000,,Kerala,Wayanad,58A01,Tirunelli-Kattikulam Rd-1,Active,Multiple,0,,,"0",,Tirunelli-Kattikulam Rd,5.00000000,Debris,Slide,Very rapid,Retrogressive,Shallow planar failure,0.00000000,0.00000000,0.00000000,Colluvial footslope,Dry,Forest,,,,Road blocked,Forest,Toe has to be protected with random rubble wall /gabion wall with easing of slope is recommended.,,"pore water pressure, reduction of strength on super-saturation, unplanned cutting of slope","2018",,,Points2018andBefore,C:\Users\swati\Desktop\Wayanad Exports\New folder\Points2018andBefore\Points2018andBefore.shp
25503,76.01625000,11.90438900,KL/WYD/58A01/2018/2,2.00000000,Diorite,,,,7.00000000,20.00000000,7.00000000,0.00000000,Rainfall in mm,,0.00000000,,Kerala,Wayanad,58A01,Tirunelli-Kattikulam Rd-2,Active,Multiple,0,,,"0",,Tirunelli-Kattikulam Rd,5.00000000,Debris,Slide,Very rapid,Retrogressive,Shallow planar failure,0.00000000,0.00000000,0.00000000,Colluvial footslope,Dry,Forest,,,,Road blocked,Forest,Toe has to be protected with random rubble wall /gabion wall with easing of slope is recommended.,,"pore water pressure, reduction of strength on super-saturation, unplanned cutting of slope","2018",,,Points2018andBefore,C:\Users\swati\Desktop\Wayanad Exports\New folder\Points2018andBefore\Points2018andBefore.shp
25526,75.99958300,11.90919400,KL/WYD/49M13/2018/1,2.00000000,Diorite,,,,7.00000000,20.00000000,6.00000000,0.00000000,Rainfall in mm,,0.00000000,,Kerala,Wayanad,49M13,Thirunelli 1,Active,Multiple,0,,,"0",,Tirunelli-Kattikulam Rd,8.00000000,Soil,Spread,Rapid,Retrogressive,Shallow planar failure,0.00000000,0.00000000,0.00000000,Colluvial footslope,Dry,Forest,,,,Road blocked,Forest,Entire slide stretch has to be protected with RR stone wall /masonry wall with weep holes. Cut slope  may be modified with easing of slope. Trees has to be uprooted from the slide area.,,"pore water pressure, reduction of strength on super-saturation, unplanned cutting of slope","2018",,,Points2018andBefore,C:\Users\swati\Desktop\Wayanad Exports\New folder\Points2018andBefore\Points2018andBefore.shp
25527,75.99888900,11.91005600,KL/WYD/49M13/2018/2,2.00000000,Diorite,,,,7.00000000,75.00000000,6.00000000,0.00000000,Rainfall in mm,,0.00000000,,Kerala,Wayanad,49M13,Thirunelli 2,Active,Multiple,0,,,"0",,Tirunelli-Kattikulam Rd,5.00000000,Soil,Slide,Very rapid,Retrogressive,Shallow planar failure,0.00000000,0.00000000,0.00000000,Colluvial footslope,Dry,Forest,,,,Road blocked,Forest,Toe has to be protected with random rubble wall /gabion wall with easing of slope is recommended.,,"pore water pressure, reduction of strength on super-saturation, unplanned cutting of slope","2018",,,Points2018andBefore,C:\Users\swati\Desktop\Wayanad Exports\New folder\Points2018andBefore\Points2018andBefore.shp
7175,76.01653900,11.91808300,KRL/WAY/58A01/2015/48,1.50000000,Gneiss,,,"Trideep  et al., 2016. Marcoscale Landslide Susceptibility Mapping of Mananthavady-Kalpetta-Sultan Battery-Vazhikkadavu area in parts of toposheets nos 58A/1, A/2, A/5, A/6, A/7 and A/11, Wayanad and Malappuram districts, Kerala. Unpub. GSI Report of FS",30.00000000,4.00000000,25.00000000,120.00000000,Rainfall,,180.00000000,,Kerala,Wayanad,58A01,Akolli kunnu,Reactivated,Single,1982,,,,,Appapara Road,0.00000000,Debris,Flow,Rapid,Confined,Shallow translational failure,0.00000000,0.00000000,0.00000000,Lowly dissected hill,Wet,Thick vegetation,,"1","1",,1/2 Acre land,,,Pore water pressure,"2018",,,Points2018andBefore,C:\Users\swati\Desktop\Wayanad Exports\New folder\Points2018andBefore\Points2018andBefore.shp
25373,76.27000000,11.73661100,KL/WYD/58A06/2018/1,3.00000000,Granite gneiss,,,,18.00000000,30.00000000,13.00000000,0.00000000,Rainfall in mm,,0.00000000,,Kerala,Wayanad,58A06,Pallivayal,Active,Single,0,,,"0",,Vadakkanad-Pallivayal forest road,30.00000000,Rock cum debris,Slide,Extremely rapid,Retrogressive,Shallow planar failure,0.00000000,0.00000000,0.00000000,Pediplain,Wet,Settlement,,,,,Settlement,Retaining wall / masonry wall with weep/drain holes has to be provided with easing of slope by forming benches. Drainage to be channelized.,house damaged,"pore water pressure, reduction of strength on super-saturation, unplanned cutting of slope","2018",,,Points2018andBefore,C:\Users\swati\Desktop\Wayanad Exports\New folder\Points2018andBefore\Points2018andBefore.shp
5909,75.92086400,11.75180300,KRL/KAN/48P12/2016/103,1.00000000,Granite gneiss,,,"Thrideep K and Limbraj WR., 2017. Marcoscale Landslide Susceptibility Mapping in parts of toposheets nos 48P/12, P/16, 49M/9 and M/13, Kozikode, Wayanad and Kannur districts, Kerala. Unpub. GSI Report of FS 2016-17.",60.00000000,30.00000000,0.00000000,1800.00000000,Rainfall,,1800.00000000,,Kerala,Wayanad,49M13,Thettamala,Suspended,Single,0,,,,,,0.00000000,Debris,Slide,Rapid,Confined,Shallow rotational failure,0.00000000,0.00000000,0.00000000,Rolling plain,Dry,Low Height Plantation,,,,Road damaged,Agriculture,,Tea estate property,Pore water pressure,"2018",,,Points2018andBefore,C:\Users\swati\Desktop\Wayanad Exports\New folder\Points2018andBefore\Points2018andBefore.shp
25531,76.01458300,11.75983300,KL/WYD/58A1/2018/133,7.00000000,Granite gneiss,,,,50.00000000,40.00000000,18.00000000,0.00000000,Rainfall in mm,,0.00000000,,Kerala,Wayanad,58A01,Kottayatukunnu,Active,Multiple,0,,,"0",,Jumma-Masjid road,15.00000000,Soil,Spread,Slow,Retrogressive,Deep rotational failure,0.00000000,0.00000000,0.00000000,Pediplain,Wet,Low Height Plantation,,,,"Road (footpath subslide), 1.2 m depth",Agriculture,Detail study needed for appropriate remedial measures.,One home affected,"pore water pressure, reduction of strength on super-saturation, toe erosion by stream","2018",,,Points2018andBefore,C:\Users\swati\Desktop\Wayanad Exports\New folder\Points2018andBefore\Points2018andBefore.shp
25548,76.00266700,11.76883300,KL/WYD/58A1/2018/134,2.00000000,Granite gneiss,,,,8.00000000,30.00000000,6.00000000,0.00000000,Rainfall in mm,,0.00000000,,Kerala,Wayanad,58A01,Thonichal,Active,Multiple,0,,,"0",,4th Mile-Mananthavady road,10.00000000,Debris,Slide,Extremely rapid,Retrogressive,Shallow planar failure,0.00000000,0.00000000,0.00000000,Pediplain,Wet,Road Dwaraka thalasery,,,,"Settlement, road collapsed. Crown cracks in road 7m length",Road,Downslope of slide stretch belowRoad bench level has to be provided with Retaining wall/masonry wall with weep holes.,,"pore water pressure, reduction of strength on super-saturation, unplanned cutting of slope","2018",,,Points2018andBefore,C:\Users\swati\Desktop\Wayanad Exports\New folder\Points2018andBefore\Points2018andBefore.shp
5908,75.90296400,11.78638900,KRL/KAN/48P12/2016/102,3.50000000,Granite gneiss,,,"Thrideep K and Limbraj WR., 2017. Marcoscale Landslide Susceptibility Mapping in parts of toposheets nos 48P/12, P/16, 49M/9 and M/13, Kozikode, Wayanad and Kannur districts, Kerala. Unpub. GSI Report of FS 2016-17.",12.00000000,20.00000000,0.00000000,240.00000000,Rainfall,,840.00000000,,Kerala,Wayanad,49M13,Adayil,Active,Single,2015,,,,,,5.00000000,Debris,Slide,Rapid,Enlarging,Shallow rotational failure,0.00000000,0.00000000,0.00000000,Rolling plain,Dry,Moderate vegetation,,,,Road damaged,,,1 house damaged,Pore water pressure,"2018",,,Points2018andBefore,C:\Users\swati\Desktop\Wayanad Exports\New folder\Points2018andBefore\Points2018andBefore.shp
5907,75.90778100,11.80197500,KRL/KAN/48P12/2016/101,2.50000000,Granite gneiss,,,"Thrideep K and Limbraj WR., 2017. Marcoscale Landslide Susceptibility Mapping in parts of toposheets nos 48P/12, P/16, 49M/9 and M/13, Kozikode, Wayanad and Kannur districts, Kerala. Unpub. GSI Report of FS 2016-17.",60.00000000,45.00000000,0.00000000,2700.00000000,Rainfall,,6750.00000000,,Kerala,Wayanad,49M13,Kottukulli,Suspended,Single,0,,,,,,0.00000000,Debris,Slide,Rapid,Confined,Shallow rotational failure,0.00000000,0.00000000,0.00000000,Rolling plain,Dry,Moderate vegetation,,,,,Agriculture,,,Pore water pressure,"2018",,,Points2018andBefore,C:\Users\swati\Desktop\Wayanad Exports\New folder\Points2018andBefore\Points2018andBefore.shp
5906,75.91385000,11.81120000,KRL/KAN/48P12/2016/100,5.00000000,Granite gneiss,,,"Thrideep K and Limbraj WR., 2017. Marcoscale Landslide Susceptibility Mapping in parts of toposheets nos 48P/12, P/16, 49M/9 and M/13, Kozikode, Wayanad and Kannur districts, Kerala. Unpub. GSI Report of FS 2016-17.",40.00000000,20.00000000,30.00000000,800.00000000,Rainfall,,4000.00000000,,Kerala,Wayanad,49M13,Paloot Coloney,Suspended,Single,2004,,,,,,0.00000000,Debris,Slide,Very rapid,Widening,Shallow rotational failure,0.00000000,0.00000000,0.00000000,Rolling plain,Dry,Moderate vegetation,,,,Road damaged,Agriculture,,,Pore water pressure,"2018",,,Points2018andBefore,C:\Users\swati\Desktop\Wayanad Exports\New folder\Points2018andBefore\Points2018andBefore.shp
5884,75.92915600,11.81167800,KRL/KAN/48P12/2016/99,2.50000000,Granite gneiss,,,"Thrideep K and Limbraj WR., 2017. Marcoscale Landslide Susceptibility Mapping in parts of toposheets nos 48P/12, P/16, 49M/9 and M/13, Kozikode, Wayanad and Kannur districts, Kerala. Unpub. GSI Report of FS 2016-17.",70.00000000,30.00000000,30.00000000,2100.00000000,Rainfall,,5250.00000000,,Kerala,Wayanad,49M13,Chandanakuzhi,Active,Single,2004,,,,,,0.00000000,Debris,Slide,Very rapid,Advancing,Shallow rotational failure,0.00000000,0.00000000,0.00000000,Rolling plain,Dry,Moderate vegetation,,,,Road damaged,Agriculture,,1 house damaged,Pore water pressure,"2018",,,Points2018andBefore,C:\Users\swati\Desktop\Wayanad Exports\New folder\Points2018andBefore\Points2018andBefore.shp
5883,75.93120600,11.81228300,KRL/KAN/48P12/2016/98,1.00000000,Granite gneiss,,,"Thrideep K and Limbraj WR., 2017. Marcoscale Landslide Susceptibility Mapping in parts of toposheets nos 48P/12, P/16, 49M/9 and M/13, Kozikode, Wayanad and Kannur districts, Kerala. Unpub. GSI Report of FS 2016-17.",150.00000000,40.00000000,670.00000000,6000.00000000,Rainfall,,6000.00000000,,Kerala,Wayanad,49M13,Venmoni-Katimala Rd,Suspended,Single,2004,,,,,Venmoni-Katimala Rd,500.00000000,Debris,Slide,Very rapid,Confined,Shallow rotational failure,0.00000000,0.00000000,0.00000000,Rolling plain,Dry,Moderate vegetation,,,,,Agriculture,,,Pore water pressure,"2018",,,Points2018andBefore,C:\Users\swati\Desktop\Wayanad Exports\New folder\Points2018andBefore\Points2018andBefore.shp
6796,75.90188300,11.81220600,KRL/KAN/48P12/2016/94,1.00000000,Granite gneiss,,,"Thrideep K and Limbraj WR., 2017. Marcoscale Landslide Susceptibility Mapping in parts of toposheets nos 48P/12, P/16, 49M/9 and M/13, Kozikode, Wayanad and Kannur districts, Kerala. Unpub. GSI Report of FS 2016-17.",100.00000000,120.00000000,670.00000000,12000.00000000,Rainfall,,12000.00000000,,Kerala,Wayanad,49M13,Edattana Koshale,Suspended,Single,1958,,,,,,0.00000000,Debris,Slide,Rapid,Advancing,Shallow rotational failure,0.00000000,0.00000000,0.00000000,Rolling plain,Dry,Moderate vegetation,,,,Road damaged,Agriculture,,,Pore water pressure,"2018",,,Points2018andBefore,C:\Users\swati\Desktop\Wayanad Exports\New folder\Points2018andBefore\Points2018andBefore.shp
6809,75.89974200,11.81338100,KRL/KAN/48P12/2016/95,0.50000000,Granite gneiss,,,"Thrideep K and Limbraj WR., 2017. Marcoscale Landslide Susceptibility Mapping in parts of toposheets nos 48P/12, P/16, 49M/9 and M/13, Kozikode, Wayanad and Kannur districts, Kerala. Unpub. GSI Report of FS 2016-17.",80.00000000,30.00000000,50.00000000,2400.00000000,Rainfall,,1200.00000000,,Kerala,Wayanad,49M13,Edattana Koshale,Abandoned,Single,1958,,,,,,0.00000000,Debris,Slide,Rapid,Confined,Shallow translational failure,0.00000000,0.00000000,0.00000000,Rolling plain,Dry,Moderate vegetation,,,,Road damaged,Agriculture,,,Pore water pressure,"2018",,,Points2018andBefore,C:\Users\swati\Desktop\Wayanad Exports\New folder\Points2018andBefore\Points2018andBefore.shp
7176,76.03186100,11.81750800,KRL/WAY/58A01/2015/49,2.00000000,Gneiss,,,"Trideep  et al., 2016. Marcoscale Landslide Susceptibility Mapping of Mananthavady-Kalpetta-Sultan Battery-Vazhikkadavu area in parts of toposheets nos 58A/1, A/2, A/5, A/6, A/7 and A/11, Wayanad and Malappuram districts, Kerala. Unpub. GSI Report of FS",140.00000000,180.00000000,100.00000000,23400.00000000,Rainfall,,46800.00000000,,Kerala,Wayanad,58A01,Mudramoola,Active,Single,1962,,,,,Ondayangadi - Mudramoola Road,0.00000000,Debris,Slide,Moderate,Advancing,Shallow translational failure,2014.00000000,0.00000000,0.00000000,Rolling plain,Wet,Moderate vegetation,,,,,Agriculture,,,Pore water pressure,"2018",,,Points2018andBefore,C:\Users\swati\Desktop\Wayanad Exports\New folder\Points2018andBefore\Points2018andBefore.shp
6810,75.91001900,11.81888900,KRL/KAN/48P12/2016/96,1.00000000,Granite gneiss,,,"Thrideep K and Limbraj WR., 2017. Marcoscale Landslide Susceptibility Mapping in parts of toposheets nos 48P/12, P/16, 49M/9 and M/13, Kozikode, Wayanad and Kannur districts, Kerala. Unpub. GSI Report of FS 2016-17.",40.00000000,30.00000000,20.00000000,1200.00000000,Rainfall,,1200.00000000,,Kerala,Wayanad,49M13,Chuliyil,Abandoned,Single,2004,,,,,,500.00000000,Debris,Slide,Rapid,Advancing,Shallow rotational failure,0.00000000,0.00000000,0.00000000,Rolling plain,Dry,Moderate vegetation,,,"1 Cow, 2 goat",Road damaged,Agriculture,,1 House,Pore water pressure,"2018",,,Points2018andBefore,C:\Users\swati\Desktop\Wayanad Exports\New folder\Points2018andBefore\Points2018andBefore.shp
6795,75.89902800,11.82540600,KRL/KAN/48P12/2016/93,0.50000000,Granite gneiss,,,"Thrideep K and Limbraj WR., 2017. Marcoscale Landslide Susceptibility Mapping in parts of toposheets nos 48P/12, P/16, 49M/9 and M/13, Kozikode, Wayanad and Kannur districts, Kerala. Unpub. GSI Report of FS 2016-17.",40.00000000,10.00000000,20.00000000,400.00000000,Rainfall,,200.00000000,,Kerala,Wayanad,49M13,Periya 1,Suspended,Single,2010,,,,,,0.00000000,Debris,Slide,Moderate,Confined,Shallow rotational failure,0.00000000,0.00000000,0.00000000,Rolling plain,Wet,Moderate vegetation,,,,Road damaged,Agriculture,Plantation and retaining wall,,Pore water pressure,"2018",,,Points2018andBefore,C:\Users\swati\Desktop\Wayanad Exports\New folder\Points2018andBefore\Points2018andBefore.shp
6811,75.92785300,11.82601900,KRL/KAN/48P12/2016/97,1.00000000,Granite gneiss,,,"Thrideep K and Limbraj WR., 2017. Marcoscale Landslide Susceptibility Mapping in parts of toposheets nos 48P/12, P/16, 49M/9 and M/13, Kozikode, Wayanad and Kannur districts, Kerala. Unpub. GSI Report of FS 2016-17.",20.00000000,11.00000000,10.00000000,220.00000000,Rainfall,,220.00000000,,Kerala,Wayanad,49M13,Kannothmala,Active,Multiple,2013,,,,,,0.00000000,Debris,Slide,Very rapid,Widening,Shallow rotational failure,2014.00000000,0.00000000,0.00000000,Rolling plain,Wet,Moderate vegetation,,,,Road blocked,Agriculture,Retaining wall has to be constructed,1 House,Pore water pressure,"2018",,,Points2018andBefore,C:\Users\swati\Desktop\Wayanad Exports\New folder\Points2018andBefore\Points2018andBefore.shp
26035,75.92980000,11.82970000,KL/WYD/49M13/2018/08,3.00000000,Schistose/Phyllitic,,A debris slide was occurred on 14th  June 2018 at Thazhe Kunnothumala along ValadKunnathumala road. Crown cracks are developed which may activate the slide in future. The important causes include (a) Unscientific slope modification and unprotected cut sl,,25.00000000,40.00000000,18.00000000,1000.00000000,Heavy rainfall,Crown cracks are developed which may activate the slide in future.,3000.00000000,II,Kerala,Wayanad,49M13,Thazhe Kunnothmala Landslide,Active,Single,0,,,"0",,Valad  Kunnothmala  road,0.00000000,Debris,Slide,Rapid,Retrogressive,Shallow rotational (?e? 5m) failure,0.00000000,0.00000000,0.00000000,Lowly dissected hill,Dry,Mixed vegetation,,,,Valad  Kunnothmala  road,Agricultural land damaged,Retaining structures with proper drainage outlet has to be provided. Crown cracks are to be treated to avoid percolation of water through it.,,Unscientific slope modification and unprotected cut slope made for road construction. Excessive rainfall is the triggering factor which resulted in the reduction of strength on saturation and increase in pore water pressure.,"2018",,,Points2018andBefore,C:\Users\swati\Desktop\Wayanad Exports\New folder\Points2018andBefore\Points2018andBefore.shp
25537,75.96986100,11.83255600,KL/WYD/49M13/2018/18,2.00000000,Granite gneiss,,,,18.00000000,25.00000000,14.00000000,0.00000000,Rainfall in mm,,0.00000000,,Kerala,Wayanad,49M13,New Wayanad Eng. college,Active,Multiple,0,,,"0",,SH-59,8.00000000,Debris,Slide,Very rapid,Retrogressive,Shallow planar failure,0.00000000,0.00000000,0.00000000,Pediplain,Dry,Tea plantation,,,,Road blocked,Tea plantation,Toe has to be protected with random rubble wall /gabion wall with easing of slope is recommended.,,"pore water pressure, reduction of strength on super-saturation, unplanned cutting of slope","2018",,,Points2018andBefore,C:\Users\swati\Desktop\Wayanad Exports\New folder\Points2018andBefore\Points2018andBefore.shp
25536,75.94691700,11.83430600,KL/WYD/49M13/2018/17,3.00000000,Granite gneiss,,,,14.00000000,15.00000000,9.00000000,0.00000000,Rainfall in mm,,0.00000000,,Kerala,Wayanad,49M13,Katterikunnu,Active,Single,0,,,"0",,Thalapuzha local road,15.00000000,Debris,Flow,Very rapid,Retrogressive,Shallow planar failure,0.00000000,0.00000000,0.00000000,Pediplain,Wet,Settlement,,5 persons,,,Cashew plantation,"Existing house must be relocataed to safer zone or providing following remedial measures are., Toe has to be provided with retaining wall / masonry wall with weep/drain holes at back side of the house. Easing of slope into forming benches with gabions/RR",house 2 rooms completely damaged,"pore water pressure, reduction of strength on super-saturation, unplanned cutting of slope","2018",,,Points2018andBefore,C:\Users\swati\Desktop\Wayanad Exports\New folder\Points2018andBefore\Points2018andBefore.shp
25508,75.93636100,11.83477800,KL/WYD/49M13/2018/10,1.00000000,Granite gneiss,,,,9.00000000,15.00000000,8.00000000,0.00000000,Rainfall in mm,,0.00000000,,Kerala,Wayanad,49M13,Thalapuzha 7,Active,Multiple,0,,,"0",,SH-59,6.00000000,Rock cum debris,Slide,Very rapid,Retrogressive,Shallow planar failure,0.00000000,0.00000000,0.00000000,Pediplain,Dry,Forest,,,,Road blocked,Forest,Toe has to be protected with random rubble wall /gabion wall with easing of slope is recommended.,,"pore water pressure, reduction of strength on super-saturation, unplanned cutting of slope","2018",,,Points2018andBefore,C:\Users\swati\Desktop\Wayanad Exports\New folder\Points2018andBefore\Points2018andBefore.shp
6794,75.88942200,11.83566700,KRL/KAN/48P12/2016/92,3.00000000,Granite gneiss,,,"Thrideep K and Limbraj WR., 2017. Marcoscale Landslide Susceptibility Mapping in parts of toposheets nos 48P/12, P/16, 49M/9 and M/13, Kozikode, Wayanad and Kannur districts, Kerala. Unpub. GSI Report of FS 2016-17.",40.00000000,10.00000000,30.00000000,400.00000000,Rainfall,,1200.00000000,,Kerala,Wayanad,49M13,Periya,Suspended,Single,1976,,,,,,0.00000000,Debris,Slide,Very rapid,Confined,Shallow translational failure,0.00000000,0.00000000,0.00000000,Rolling plain,Dry,Moderate vegetation,,,,Road damaged,Agriculture,,,Pore water pressure,"2018",,,Points2018andBefore,C:\Users\swati\Desktop\Wayanad Exports\New folder\Points2018andBefore\Points2018andBefore.shp
25509,75.93258300,11.83644400,KL/WYD/49M13/2018/11,1.00000000,Granite gneiss,,,,8.00000000,12.00000000,6.00000000,0.00000000,Rainfall in mm,,0.00000000,,Kerala,Wayanad,49M13,Thalapuzha 8,Active,Multiple,0,,,"0",,SH-59,7.00000000,Debris,Slide,Very rapid,Retrogressive,Shallow planar failure,0.00000000,0.00000000,0.00000000,Pediplain,Dry,Forest,,,,Road blocked,Forest,Toe has to be protected with random rubble wall /gabion wall with easing of slope is recommended.,,"pore water pressure, reduction of strength on super-saturation, unplanned cutting of slope","2018",,,Points2018andBefore,C:\Users\swati\Desktop\Wayanad Exports\New folder\Points2018andBefore\Points2018andBefore.shp
25510,75.93200000,11.83658300,KL/WYD/49M13/2018/12,3.00000000,Granite gneiss,,,,20.00000000,25.00000000,15.00000000,0.00000000,Rainfall in mm,,0.00000000,,Kerala,Wayanad,49M13,Thalapuzha 9,Active,Multiple,0,,,"0",,SH-59,15.00000000,Rock cum debris,Slide,Rapid,Retrogressive,Shallow rotational failure,0.00000000,0.00000000,0.00000000,Pediplain,Dry,Forest,,,,Road blocked,Forest,Toe has to be provided with Retaining wall / masonry wall with weep/drain holes 3mx20m. Easing of slope into forming benches at upslope.,,"pore water pressure, reduction of strength on super-saturation, unplanned cutting of slope","2018",,,Points2018andBefore,C:\Users\swati\Desktop\Wayanad Exports\New folder\Points2018andBefore\Points2018andBefore.shp
25507,75.94019400,11.83702800,KL/WYD/49M13/2018/9,3.00000000,Granite gneiss,,,,15.00000000,45.00000000,12.00000000,0.00000000,Rainfall in mm,,0.00000000,,Kerala,Wayanad,49M13,Thalapuzha 6,Active,Multiple,0,,,"0",,SH-59,8.00000000,Rock cum debris,Slide,Extremely rapid,Retrogressive,Shallow planar failure,0.00000000,0.00000000,0.00000000,Pediplain,Dry,Tea plantation,,,,Road blocked,Tea plantation,Toe has to be provided with Retaining wall / masonry wall with weep/drain holes. Easing of slope into forming benches.,,"pore water pressure, reduction of strength on super-saturation, unplanned cutting of slope","2018",,,Points2018andBefore,C:\Users\swati\Desktop\Wayanad Exports\New folder\Points2018andBefore\Points2018andBefore.shp
25532,75.92672200,11.83830600,KL/WYD/49M13/2018/13,2.00000000,Granite gneiss,,,,10.00000000,40.00000000,9.00000000,0.00000000,Rainfall in mm,,0.00000000,,Kerala,Wayanad,49M13,Thalapuzha 10,Active,Multiple,0,,,"0",,SH-59,8.00000000,Rock cum debris,Slide,Very rapid,Retrogressive,Shallow planar failure,0.00000000,0.00000000,0.00000000,Pediplain,Dry,Tea plantation,,,,Road blocked,Tea plantation,Toe has to be protected with random rubble wall /gabion wall with easing of slope is recommended.,,"pore water pressure, reduction of strength on super-saturation, unplanned cutting of slope","2018",,,Points2018andBefore,C:\Users\swati\Desktop\Wayanad Exports\New folder\Points2018andBefore\Points2018andBefore.shp
25535,75.91750000,11.83827800,KL/WYD/49M13/2018/16,1.00000000,Granite gneiss,,,,8.00000000,10.00000000,7.00000000,0.00000000,Rainfall in mm,,0.00000000,,Kerala,Wayanad,49M13,Boys town 42 mile,Active,Single,0,,,"0",,Mananthavady-Nedumpoil road,5.00000000,Debris,Slide,Very rapid,Retrogressive,Shallow planar failure,0.00000000,0.00000000,0.00000000,Colluvial footslope,Dry,Forest,,,,Road blocked,Forest,Toe has to be protected with random rubble wall /gabion wall with easing of slope is recommended.,,"pore water pressure, reduction of strength on super-saturation, unplanned cutting of slope","2018",,,Points2018andBefore,C:\Users\swati\Desktop\Wayanad Exports\New folder\Points2018andBefore\Points2018andBefore.shp
25506,75.94394400,11.83913900,KL/WYD/49M13/2018/8,1.00000000,Sericite schist,,,,7.00000000,60.00000000,6.00000000,0.00000000,Rainfall in mm,,0.00000000,,Kerala,Wayanad,49M13,Thalapuzha 5,Active,Multiple,0,,,"0",,SH-59,5.00000000,Debris,Slide,Very rapid,Retrogressive,Shallow planar failure,0.00000000,0.00000000,0.00000000,Pediplain,Dry,Forest,,,,Road blocked,Forest,Toe has to be protected with random rubble wall /gabion wall with easing of slope is recommended. Trees inside the slide has to be uprooted.,,"pore water pressure, reduction of strength on super-saturation, unplanned cutting of slope","2018",,,Points2018andBefore,C:\Users\swati\Desktop\Wayanad Exports\New folder\Points2018andBefore\Points2018andBefore.shp
25549,75.95588900,11.83938900,KL/WYD/49M13/2018/4,2.00000000,Granite gneiss,,,,12.00000000,50.00000000,10.00000000,0.00000000,Rainfall in mm,,0.00000000,,Kerala,Wayanad,49M13,Thalapuzha 1,Active,Multiple,0,,,"0",,SH-59,8.00000000,Rock cum debris,Slide,Very rapid,Retrogressive,Shallow planar failure,0.00000000,0.00000000,0.00000000,Pediplain,Dry,Tea plantation,,,,Road blocked,Tea plantation +Road cut,Toe has to be protected with random rubble wall /gabion wall with easing of slope is recommended.,,"pore water pressure, reduction of strength on super-saturation, unplanned cutting of slope","2018",,,Points2018andBefore,C:\Users\swati\Desktop\Wayanad Exports\New folder\Points2018andBefore\Points2018andBefore.shp
25533,75.92577800,11.83913900,KL/WYD/49M13/2018/14,2.00000000,Granite gneiss,,,,9.00000000,50.00000000,8.00000000,0.00000000,Rainfall in mm,,0.00000000,,Kerala,Wayanad,49M13,Thalapuzha 11,Active,Multiple,0,,,"0",,SH-59,6.00000000,Debris,Slide,Very rapid,Retrogressive,Shallow planar failure,0.00000000,0.00000000,0.00000000,Pediplain,Dry,Tea,,,,Road blocked,Forest,Toe has to be protected with random rubble wall /gabion wall with easing of slope is recommended. Slope modification to forming benches.,,"pore water pressure, reduction of strength on super-saturation, unplanned cutting of slope","2018",,,Points2018andBefore,C:\Users\swati\Desktop\Wayanad Exports\New folder\Points2018andBefore\Points2018andBefore.shp
25534,75.91594400,11.83963900,KL/WYD/49M13/2018/15,1.00000000,Granite gneiss,,,,9.00000000,12.00000000,8.00000000,0.00000000,Rainfall in mm,,0.00000000,,Kerala,Wayanad,49M13,Boys town,Active,Single,0,,,"0",,Mananthavady-Nedumpoil road,8.00000000,Soil,Slide,Very rapid,Retrogressive,Shallow planar failure,0.00000000,0.00000000,0.00000000,Colluvial footslope,Dry,Settlement,,,,Road blocked,Settlement,Toe has to be protected with random rubble wall /gabion wall with easing of slope is recommended.,,"pore water pressure, reduction of strength on super-saturation, unplanned cutting of slope","2018",,,Points2018andBefore,C:\Users\swati\Desktop\Wayanad Exports\New folder\Points2018andBefore\Points2018andBefore.shp
25550,75.95202800,11.84044400,KL/WYD/49M13/2018/5,1.00000000,Granite gneiss,,,,6.00000000,17.00000000,5.00000000,0.00000000,Rainfall in mm,,0.00000000,,Kerala,Wayanad,49M13,Thalapuzha 2,Active,Multiple,0,,,"0",,SH-59,5.00000000,Debris,Slide,Rapid,Retrogressive,Shallow planar failure,0.00000000,0.00000000,0.00000000,Pediplain,Dry,Forest,,,,Road blocked,Tea plantation,Toe has to be protected with random rubble wall /gabion wall with easing of slope is recommended.,,"pore water pressure, reduction of strength on super-saturation, unplanned cutting of slope","2018",,,Points2018andBefore,C:\Users\swati\Desktop\Wayanad Exports\New folder\Points2018andBefore\Points2018andBefore.shp
25551,75.95144400,11.84061100,KL/WYD/49M13/2018/6,2.00000000,Granite gneiss,,,,8.00000000,100.00000000,7.00000000,0.00000000,Rainfall in mm,,0.00000000,,Kerala,Wayanad,49M13,Thalapuzha 3,Active,Multiple,0,,,"0",,SH-59,6.00000000,Rock cum debris,Slide,Very rapid,Retrogressive,Shallow planar failure,0.00000000,0.00000000,0.00000000,Pediplain,Dry,Forest,,,,Road blocked,Forest,,,"pore water pressure, reduction of strength on super-saturation, unplanned cutting of slope","2018",,,Points2018andBefore,C:\Users\swati\Desktop\Wayanad Exports\New folder\Points2018andBefore\Points2018andBefore.shp
5628,75.82833300,11.73583300,KRL/KOZ/54M14/2015/144,2.00000000,Charnockite,,,"Sulal NL  et al., 2016. Marcoscale Landslide Susceptibility Map for mountainous/hilly region on GIS platform for toposheets nos 49M/14 and 53A/3, Kozikode, Wayanad and Malappuram districts, Kerala. Unpub. GSI Report of FS 2014-16.",75.00000000,25.00000000,18.00000000,1875.00000000,Rainfall,,3750.00000000,,Kerala,Kozhikode,49M14,Manappadu,Active,Single,2007,,,,,SH54,0.00000000,Debris,Flow,Rapid,Confined,Shallow translational failure,0.00000000,0.00000000,0.00000000,Lowly dissected hill,Wet,Moderate vegetation,,"5",,,Forest,Retaining wall,One House,Porewater pressure,"2018",,,Points2018andBefore,C:\Users\swati\Desktop\Wayanad Exports\New folder\Points2018andBefore\Points2018andBefore.shp
6788,75.81953100,11.84791900,KRL/KAN/48P12/2016/86,0.50000000,Granite gneiss,,,"Thrideep K and Limbraj WR., 2017. Marcoscale Landslide Susceptibility Mapping in parts of toposheets nos 48P/12, P/16, 49M/9 and M/13, Kozikode, Wayanad and Kannur districts, Kerala. Unpub. GSI Report of FS 2016-17.",30.00000000,25.00000000,0.00000000,750.00000000,Rainfall,,375.00000000,,Kerala,Kannur,49M13,,Dormant,Single,0,,,,,,0.00000000,Debris,Slide,Rapid,Confined,Shallow rotational failure,0.00000000,0.00000000,0.00000000,Lowly dissected hill,Dry,Thick vegetation,,,,,Forest,,,Reduction of stength on super-saturation,"2018",,,Points2018andBefore,C:\Users\swati\Desktop\Wayanad Exports\New folder\Points2018andBefore\Points2018andBefore.shp
,,,,,,,,,,,,,,,,,,,,,,,,,,,,,,,,,,,,,,,,,,,,,,,,,"2019",Puthumala (Meppadi),"(11.50340214, 76.13474585)",News Coordinated Gemini,C:\Users\swati\Desktop\Wayanad Exports\New folder\News Coordinated Gemini\News Coordinated Gemini.shp
,,,,,,,,,,,,,,,,,,,,,,,,,,,,,,,,,,,,,,,,,,,,,,,,,"2019",Meppadi (General),"(11.4965, 76.1358)",News Coordinated Gemini,C:\Users\swati\Desktop\Wayanad Exports\New folder\News Coordinated Gemini\News Coordinated Gemini.shp
,,,,,,,,,,,,,,,,,,,,,,,,,,,,,,,,,,,,,,,,,,,,,,,,,"2019",Vythiri,"(11.5238, 76.0296)",News Coordinated Gemini,C:\Users\swati\Desktop\Wayanad Exports\New folder\News Coordinated Gemini\News Coordinated Gemini.shp
,,,,,,,,,,,,,,,,,,,,,,,,,,,,,,,,,,,,,,,,,,,,,,,,,"2019",Lakkidi,"(11.5278, 76.0085)",News Coordinated Gemini,C:\Users\swati\Desktop\Wayanad Exports\New folder\News Coordinated Gemini\News Coordinated Gemini.shp
,,,,,,,,,,,,,,,,,,,,,,,,,,,,,,,,,,,,,,,,,,,,,,,,,"2019",Tharuvana,"(11.7231, 76.0595)",News Coordinated Gemini,C:\Users\swati\Desktop\Wayanad Exports\New folder\News Coordinated Gemini\News Coordinated Gemini.shp
,,,,,,,,,,,,,,,,,,,,,,,,,,,,,,,,,,,,,,,,,,,,,,,,,"2019",Muttil,"(11.6462, 76.0924)",News Coordinated Gemini,C:\Users\swati\Desktop\Wayanad Exports\New folder\News Coordinated Gemini\News Coordinated Gemini.shp
,,,,,,,,,,,,,,,,,,,,,,,,,,,,,,,,,,,,,,,,,,,,,,,,,"2019",Ambalavayal,"(11.6109, 76.1731)",News Coordinated Gemini,C:\Users\swati\Desktop\Wayanad Exports\New folder\News Coordinated Gemini\News Coordinated Gemini.shp
,,,,,,,,,,,,,,,,,,,,,,,,,,,,,,,,,,,,,,,,,,,,,,,,,"2019",Kottathara,"(11.5885, 76.2051)",News Coordinated Gemini,C:\Users\swati\Desktop\Wayanad Exports\New folder\News Coordinated Gemini\News Coordinated Gemini.shp
,,,,,,,,,,,,,,,,,,,,,,,,,,,,,,,,,,,,,,,,,,,,,,,,,"2019",Meenangadi,"(11.6507, 76.1255)",News Coordinated Gemini,C:\Users\swati\Desktop\Wayanad Exports\New folder\News Coordinated Gemini\News Coordinated Gemini.shp
,,,,,,,,,,,,,,,,,,,,,,,,,,,,,,,,,,,,,,,,,,,,,,,,,"2019",Thirunelli,"(11.9349, 76.0234)",News Coordinated Gemini,C:\Users\swati\Desktop\Wayanad Exports\New folder\News Coordinated Gemini\News Coordinated Gemini.shp
,,,,,,,,,,,,,,,,,,,,,,,,,,,,,,,,,,,,,,,,,,,,,,,,,"2019",Nenmeni,"(11.5513, 76.1778)",News Coordinated Gemini,C:\Users\swati\Desktop\Wayanad Exports\New folder\News Coordinated Gemini\News Coordinated Gemini.shp
,,,,,,,,,,,,,,,,,,,,,,,,,,,,,,,,,,,,,,,,,,,,,,,,,"2020",Puthumala (Meppadi),"(11.50340214, 76.13474585)",News Coordinated Gemini,C:\Users\swati\Desktop\Wayanad Exports\New folder\News Coordinated Gemini\News Coordinated Gemini.shp
,,,,,,,,,,,,,,,,,,,,,,,,,,,,,,,,,,,,,,,,,,,,,,,,,"2020",Vythiri,"(11.5238, 76.0296)",News Coordinated Gemini,C:\Users\swati\Desktop\Wayanad Exports\New folder\News Coordinated Gemini\News Coordinated Gemini.shp
,,,,,,,,,,,,,,,,,,,,,,,,,,,,,,,,,,,,,,,,,,,,,,,,,"2020",Lakkidi,"(11.5278, 76.0085)",News Coordinated Gemini,C:\Users\swati\Desktop\Wayanad Exports\New folder\News Coordinated Gemini\News Coordinated Gemini.shp
,,,,,,,,,,,,,,,,,,,,,,,,,,,,,,,,,,,,,,,,,,,,,,,,,"2020",Tharuvana,"(11.7231, 76.0595)",News Coordinated Gemini,C:\Users\swati\Desktop\Wayanad Exports\New folder\News Coordinated Gemini\News Coordinated Gemini.shp
,,,,,,,,,,,,,,,,,,,,,,,,,,,,,,,,,,,,,,,,,,,,,,,,,"2020",Muttil,"(11.6462, 76.0924)",News Coordinated Gemini,C:\Users\swati\Desktop\Wayanad Exports\New folder\News Coordinated Gemini\News Coordinated Gemini.shp
,,,,,,,,,,,,,,,,,,,,,,,,,,,,,,,,,,,,,,,,,,,,,,,,,"2020",Ambalavayal,"(11.6109, 76.1731)",News Coordinated Gemini,C:\Users\swati\Desktop\Wayanad Exports\New folder\News Coordinated Gemini\News Coordinated Gemini.shp
,,,,,,,,,,,,,,,,,,,,,,,,,,,,,,,,,,,,,,,,,,,,,,,,,"2020",Kottathara,"(11.5885, 76.2051)",News Coordinated Gemini,C:\Users\swati\Desktop\Wayanad Exports\New folder\News Coordinated Gemini\News Coordinated Gemini.shp
,,,,,,,,,,,,,,,,,,,,,,,,,,,,,,,,,,,,,,,,,,,,,,,,,"2020",Meenangadi,"(11.6507, 76.1255)",News Coordinated Gemini,C:\Users\swati\Desktop\Wayanad Exports\New folder\News Coordinated Gemini\News Coordinated Gemini.shp
,,,,,,,,,,,,,,,,,,,,,,,,,,,,,,,,,,,,,,,,,,,,,,,,,"2020",Thirunelli,"(11.9349, 76.0234)",News Coordinated Gemini,C:\Users\swati\Desktop\Wayanad Exports\New folder\News Coordinated Gemini\News Coordinated Gemini.shp
,,,,,,,,,,,,,,,,,,,,,,,,,,,,,,,,,,,,,,,,,,,,,,,,,"2020",Nenmeni,"(11.5513, 76.1778)",News Coordinated Gemini,C:\Users\swati\Desktop\Wayanad Exports\New folder\News Coordinated Gemini\News Coordinated Gemini.shp
,,,,,,,,,,,,,,,,,,,,,,,,,,,,,,,,,,,,,,,,,,,,,,,,,"2020",Vellamunda,"(11.8055, 76.0452)",News Coordinated Gemini,C:\Users\swati\Desktop\Wayanad Exports\New folder\News Coordinated Gemini\News Coordinated Gemini.shp
,,,,,,,,,,,,,,,,,,,,,,,,,,,,,,,,,,,,,,,,,,,,,,,,,"2020",Pozhuthana,"(11.6173, 76.0683)",News Coordinated Gemini,C:\Users\swati\Desktop\Wayanad Exports\New folder\News Coordinated Gemini\News Coordinated Gemini.shp
,,,,,,,,,,,,,,,,,,,,,,,,,,,,,,,,,,,,,,,,,,,,,,,,,"2021",Meppadi,"(11.4965, 76.1358)",News Coordinated Gemini,C:\Users\swati\Desktop\Wayanad Exports\New folder\News Coordinated Gemini\News Coordinated Gemini.shp
,,,,,,,,,,,,,,,,,,,,,,,,,,,,,,,,,,,,,,,,,,,,,,,,,"2021",Vythiri,"(11.5238, 76.0296)",News Coordinated Gemini,C:\Users\swati\Desktop\Wayanad Exports\New folder\News Coordinated Gemini\News Coordinated Gemini.shp
,,,,,,,,,,,,,,,,,,,,,,,,,,,,,,,,,,,,,,,,,,,,,,,,,"2021",Lakkidi,"(11.5278, 76.0085)",News Coordinated Gemini,C:\Users\swati\Desktop\Wayanad Exports\New folder\News Coordinated Gemini\News Coordinated Gemini.shp
,,,,,,,,,,,,,,,,,,,,,,,,,,,,,,,,,,,,,,,,,,,,,,,,,"2021",Tharuvana,"(11.7231, 76.0595)",News Coordinated Gemini,C:\Users\swati\Desktop\Wayanad Exports\New folder\News Coordinated Gemini\News Coordinated Gemini.shp
,,,,,,,,,,,,,,,,,,,,,,,,,,,,,,,,,,,,,,,,,,,,,,,,,"2021",Muttil,"(11.6462, 76.0924)",News Coordinated Gemini,C:\Users\swati\Desktop\Wayanad Exports\New folder\News Coordinated Gemini\News Coordinated Gemini.shp
,,,,,,,,,,,,,,,,,,,,,,,,,,,,,,,,,,,,,,,,,,,,,,,,,"2021",Ambalavayal,"(11.6109, 76.1731)",News Coordinated Gemini,C:\Users\swati\Desktop\Wayanad Exports\New folder\News Coordinated Gemini\News Coordinated Gemini.shp
,,,,,,,,,,,,,,,,,,,,,,,,,,,,,,,,,,,,,,,,,,,,,,,,,"2021",Pozhuthana,"(11.6173, 76.0683)",News Coordinated Gemini,C:\Users\swati\Desktop\Wayanad Exports\New folder\News Coordinated Gemini\News Coordinated Gemini.shp
,,,,,,,,,,,,,,,,,,,,,,,,,,,,,,,,,,,,,,,,,,,,,,,,,"2021",Panamaram,"(11.7456, 76.0045)",News Coordinated Gemini,C:\Users\swati\Desktop\Wayanad Exports\New folder\News Coordinated Gemini\News Coordinated Gemini.shp
,,,,,,,,,,,,,,,,,,,,,,,,,,,,,,,,,,,,,,,,,,,,,,,,,"2021",Kottathara,"(11.5885, 76.2051)",News Coordinated Gemini,C:\Users\swati\Desktop\Wayanad Exports\New folder\News Coordinated Gemini\News Coordinated Gemini.shp
,,,,,,,,,,,,,,,,,,,,,,,,,,,,,,,,,,,,,,,,,,,,,,,,,"2021",Nenmeni,"(11.5513, 76.1778)",News Coordinated Gemini,C:\Users\swati\Desktop\Wayanad Exports\New folder\News Coordinated Gemini\News Coordinated Gemini.shp
,,,,,,,,,,,,,,,,,,,,,,,,,,,,,,,,,,,,,,,,,,,,,,,,,"2021",Vellamunda,"(11.8055, 76.0452)",News Coordinated Gemini,C:\Users\swati\Desktop\Wayanad Exports\New folder\News Coordinated Gemini\News Coordinated Gemini.shp
,,,,,,,,,,,,,,,,,,,,,,,,,,,,,,,,,,,,,,,,,,,,,,,,,"2021",Chena Mala(Vythiri Kalpetta),"(11.5805, 76.0274)",News Coordinated Gemini,C:\Users\swati\Desktop\Wayanad Exports\New folder\News Coordinated Gemini\News Coordinated Gemini.shp
,,,,,,,,,,,,,,,,,,,,,,,,,,,,,,,,,,,,,,,,,,,,,,,,,"2022",Vythiri,"(11.5238, 76.0296)",News Coordinated Gemini,C:\Users\swati\Desktop\Wayanad Exports\New folder\News Coordinated Gemini\News Coordinated Gemini.shp
,,,,,,,,,,,,,,,,,,,,,,,,,,,,,,,,,,,,,,,,,,,,,,,,,"2022",Meppadi,"(11.4965, 76.1358)",News Coordinated Gemini,C:\Users\swati\Desktop\Wayanad Exports\New folder\News Coordinated Gemini\News Coordinated Gemini.shp
,,,,,,,,,,,,,,,,,,,,,,,,,,,,,,,,,,,,,,,,,,,,,,,,,"2022",Lakkidi,"(11.5278, 76.0085)",News Coordinated Gemini,C:\Users\swati\Desktop\Wayanad Exports\New folder\News Coordinated Gemini\News Coordinated Gemini.shp
,,,,,,,,,,,,,,,,,,,,,,,,,,,,,,,,,,,,,,,,,,,,,,,,,"2022",Pozhuthana,"(11.6173, 76.0683)",News Coordinated Gemini,C:\Users\swati\Desktop\Wayanad Exports\New folder\News Coordinated Gemini\News Coordinated Gemini.shp
,,,,,,,,,,,,,,,,,,,,,,,,,,,,,,,,,,,,,,,,,,,,,,,,,"2022",Tharuvana,"(11.7231, 76.0595)",News Coordinated Gemini,C:\Users\swati\Desktop\Wayanad Exports\New folder\News Coordinated Gemini\News Coordinated Gemini.shp
,,,,,,,,,,,,,,,,,,,,,,,,,,,,,,,,,,,,,,,,,,,,,,,,,"2022",Ambalavayal,"(11.6109, 76.1731)",News Coordinated Gemini,C:\Users\swati\Desktop\Wayanad Exports\New folder\News Coordinated Gemini\News Coordinated Gemini.shp
,,,,,,,,,,,,,,,,,,,,,,,,,,,,,,,,,,,,,,,,,,,,,,,,,"2022",Muttil,"(11.6462, 76.0924)",News Coordinated Gemini,C:\Users\swati\Desktop\Wayanad Exports\New folder\News Coordinated Gemini\News Coordinated Gemini.shp
,,,,,,,,,,,,,,,,,,,,,,,,,,,,,,,,,,,,,,,,,,,,,,,,,"2022",Nenmeni,"(11.5513, 76.1778)",News Coordinated Gemini,C:\Users\swati\Desktop\Wayanad Exports\New folder\News Coordinated Gemini\News Coordinated Gemini.shp
,,,,,,,,,,,,,,,,,,,,,,,,,,,,,,,,,,,,,,,,,,,,,,,,,"2022",Kottathara,"(11.5885, 76.2051)",News Coordinated Gemini,C:\Users\swati\Desktop\Wayanad Exports\New folder\News Coordinated Gemini\News Coordinated Gemini.shp
,,,,,,,,,,,,,,,,,,,,,,,,,,,,,,,,,,,,,,,,,,,,,,,,,"2022",Thirunelli,"(11.9349, 76.0234)",News Coordinated Gemini,C:\Users\swati\Desktop\Wayanad Exports\New folder\News Coordinated Gemini\News Coordinated Gemini.shp
,,,,,,,,,,,,,,,,,,,,,,,,,,,,,,,,,,,,,,,,,,,,,,,,,"2022",Pulpally,"(11.7752, 76.1198)",News Coordinated Gemini,C:\Users\swati\Desktop\Wayanad Exports\New folder\News Coordinated Gemini\News Coordinated Gemini.shp
,,,,,,,,,,,,,,,,,,,,,,,,,,,,,,,,,,,,,,,,,,,,,,,,,"2023",Mananthavady Taluk (General),"(11.7978, 75.9815)",News Coordinated Gemini,C:\Users\swati\Desktop\Wayanad Exports\New folder\News Coordinated Gemini\News Coordinated Gemini.shp
,,,,,,,,,,,,,,,,,,,,,,,,,,,,,,,,,,,,,,,,,,,,,,,,,"2023",Thirunelli Grama Panchayat,"(11.9349, 76.0234)",News Coordinated Gemini,C:\Users\swati\Desktop\Wayanad Exports\New folder\News Coordinated Gemini\News Coordinated Gemini.shp
,,,,,,,,,,,,,,,,,,,,,,,,,,,,,,,,,,,,,,,,,,,,,,,,,"2023",Kottathara Panchayath,"(11.5885, 76.2051)",News Coordinated Gemini,C:\Users\swati\Desktop\Wayanad Exports\New folder\News Coordinated Gemini\News Coordinated Gemini.shp
,,,,,,,,,,,,,,,,,,,,,,,,,,,,,,,,,,,,,,,,,,,,,,,,,"2023",Muttil,"(11.6462, 76.0924)",News Coordinated Gemini,C:\Users\swati\Desktop\Wayanad Exports\New folder\News Coordinated Gemini\News Coordinated Gemini.shp
,,,,,,,,,,,,,,,,,,,,,,,,,,,,,,,,,,,,,,,,,,,,,,,,,"2023",Ambalavayal,"(11.6109, 76.1731)",News Coordinated Gemini,C:\Users\swati\Desktop\Wayanad Exports\New folder\News Coordinated Gemini\News Coordinated Gemini.shp
,,,,,,,,,,,,,,,,,,,,,,,,,,,,,,,,,,,,,,,,,,,,,,,,,"2023",Vellamunda,"(11.8055, 76.0452)",News Coordinated Gemini,C:\Users\swati\Desktop\Wayanad Exports\New folder\News Coordinated Gemini\News Coordinated Gemini.shp
,,,,,,,,,,,,,,,,,,,,,,,,,,,,,,,,,,,,,,,,,,,,,,,,,"2023",Meenangadi,"(11.6507, 76.1255)",News Coordinated Gemini,C:\Users\swati\Desktop\Wayanad Exports\New folder\News Coordinated Gemini\News Coordinated Gemini.shp
,,,,,,,,,,,,,,,,,,,,,,,,,,,,,,,,,,,,,,,,,,,,,,,,,"2023",Vythiri,"(11.5238, 76.0296)",News Coordinated Gemini,C:\Users\swati\Desktop\Wayanad Exports\New folder\News Coordinated Gemini\News Coordinated Gemini.shp
,,,,,,,,,,,,,,,,,,,,,,,,,,,,,,,,,,,,,,,,,,,,,,,,,"2023",Edavaka,"(11.6623, 76.1718)",News Coordinated Gemini,C:\Users\swati\Desktop\Wayanad Exports\New folder\News Coordinated Gemini\News Coordinated Gemini.shp
,,,,,,,,,,,,,,,,,,,,,,,,,,,,,,,,,,,,,,,,,,,,,,,,,"2023",Panamaram,"(11.7456, 76.0045)",News Coordinated Gemini,C:\Users\swati\Desktop\Wayanad Exports\New folder\News Coordinated Gemini\News Coordinated Gemini.shp
,,,,,,,,,,,,,,,,,,,,,,,,,,,,,,,,,,,,,,,,,,,,,,,,,"2023",Muppainad,"(11.6226, 76.0382)",News Coordinated Gemini,C:\Users\swati\Desktop\Wayanad Exports\New folder\News Coordinated Gemini\News Coordinated Gemini.shp
,,,,,,,,,,,,,,,,,,,,,,,,,,,,,,,,,,,,,,,,,,,,,,,,,"2023",Nenmeni,"(11.5513, 76.1778)",News Coordinated Gemini,C:\Users\swati\Desktop\Wayanad Exports\New folder\News Coordinated Gemini\News Coordinated Gemini.shp
,,,,,,,,,,,,,,,,,,,,,,,,,,,,,,,,,,,,,,,,,,,,,,,,,"2024",Meppadi,"(11.4965, 76.1358)",News Coordinated Gemini,C:\Users\swati\Desktop\Wayanad Exports\New folder\News Coordinated Gemini\News Coordinated Gemini.shp
,,,,,,,,,,,,,,,,,,,,,,,,,,,,,,,,,,,,,,,,,,,,,,,,,"2024",Padinjarathara,"(11.7423, 75.9562)",News Coordinated Gemini,C:\Users\swati\Desktop\Wayanad Exports\New folder\News Coordinated Gemini\News Coordinated Gemini.shp
,,,,,,,,,,,,,,,,,,,,,,,,,,,,,,,,,,,,,,,,,,,,,,,,,"2024",Vythiri,"(11.5238, 76.0296)",News Coordinated Gemini,C:\Users\swati\Desktop\Wayanad Exports\New folder\News Coordinated Gemini\News Coordinated Gemini.shp
,,,,,,,,,,,,,,,,,,,,,,,,,,,,,,,,,,,,,,,,,,,,,,,,,"2024",Tharuvana,"(11.7231, 76.0595)",News Coordinated Gemini,C:\Users\swati\Desktop\Wayanad Exports\New folder\News Coordinated Gemini\News Coordinated Gemini.shp
,,,,,,,,,,,,,,,,,,,,,,,,,,,,,,,,,,,,,,,,,,,,,,,,,"2024",Pulpally,"(11.7752, 76.1198)",News Coordinated Gemini,C:\Users\swati\Desktop\Wayanad Exports\New folder\News Coordinated Gemini\News Coordinated Gemini.shp
,,,,,,,,,,,,,,,,,,,,,,,,,,,,,,,,,,,,,,,,,,,,,,,,,"2024",Muttil,"(11.6462, 76.0924)",News Coordinated Gemini,C:\Users\swati\Desktop\Wayanad Exports\New folder\News Coordinated Gemini\News Coordinated Gemini.shp
,,,,,,,,,,,,,,,,,,,,,,,,,,,,,,,,,,,,,,,,,,,,,,,,,"2024",Kambalakkad,"(11.703, 76.0413)",News Coordinated Gemini,C:\Users\swati\Desktop\Wayanad Exports\New folder\News Coordinated Gemini\News Coordinated Gemini.shp
,,,,,,,,,,,,,,,,,,,,,,,,,,,,,,,,,,,,,,,,,,,,,,,,,"2024",Pozhuthana,"(11.6173, 76.0683)",News Coordinated Gemini,C:\Users\swati\Desktop\Wayanad Exports\New folder\News Coordinated Gemini\News Coordinated Gemini.shp
,,,,,,,,,,,,,,,,,,,,,,,,,,,,,,,,,,,,,,,,,,,,,,,,,"2024",Ambalavayal,"(11.6109, 76.1731)",News Coordinated Gemini,C:\Users\swati\Desktop\Wayanad Exports\New folder\News Coordinated Gemini\News Coordinated Gemini.shp
,,,,,,,,,,,,,,,,,,,,,,,,,,,,,,,,,,,,,,,,,,,,,,,,,"2024",Nenmeni,"(11.5513, 76.1778)",News Coordinated Gemini,C:\Users\swati\Desktop\Wayanad Exports\New folder\News Coordinated Gemini\News Coordinated Gemini.shp
,,,,,,,,,,,,,,,,,,,,,,,,,,,,,,,,,,,,,,,,,,,,,,,,,"2024",Edavaka,"(11.6623, 76.1718)",News Coordinated Gemini,C:\Users\swati\Desktop\Wayanad Exports\New folder\News Coordinated Gemini\News Coordinated Gemini.shp
,,,,,,,,,,,,,,,,,,,,,,,,,,,,,,,,,,,,,,,,,,,,,,,,,"2024",Meenangadi,"(11.6507, 76.1255)",News Coordinated Gemini,C:\Users\swati\Desktop\Wayanad Exports\New folder\News Coordinated Gemini\News Coordinated Gemini.shp
,,,,,,,,,,,,,,,,,,,,,,,,,,,,,,,,,,,,,,,,,,,,,,,,,"2024",Thirunelli,"(11.9349, 76.0234)",News Coordinated Gemini,C:\Users\swati\Desktop\Wayanad Exports\New folder\News Coordinated Gemini\News Coordinated Gemini.shp
,,,,,,,,,,,,,,,,,,,,,,,,,,,,,,,,,,,,,,,,,,,,,,,,,"2024",Kottathara,"(11.5885, 76.2051)",News Coordinated Gemini,C:\Users\swati\Desktop\Wayanad Exports\New folder\News Coordinated Gemini\News Coordinated Gemini.shp
,,,,,,,,,,,,,,,,,,,,,,,,,,,,,,,,,,,,,,,,,,,,,,,,,"2024",Chooralmala,"(11.46544, 76.13576)",News Coordinated Gemini,C:\Users\swati\Desktop\Wayanad Exports\New folder\News Coordinated Gemini\News Coordinated Gemini.shp
,,,,,,,,,,,,,,,,,,,,,,,,,,,,,,,,,,,,,,,,,,,,,,,,,"2024",Mundakkai,"(11.4875, 76.155)",News Coordinated Gemini,C:\Users\swati\Desktop\Wayanad Exports\New folder\News Coordinated Gemini\News Coordinated Gemini.shp
,,,,,,,,,,,,,,,,,,,,,,,,,,,,,,,,,,,,,,,,,,,,,,,,,"2024",Punjirimattom,"(11.5306, 76.0305)",News Coordinated Gemini,C:\Users\swati\Desktop\Wayanad Exports\New folder\News Coordinated Gemini\News Coordinated Gemini.shp
,,,,,,,,,,,,,,,,,,,,,,,,,,,,,,,,,,,,,,,,,,,,,,,,,"2024",Vellarimala,"(11.5814, 76.096)",News Coordinated Gemini,C:\Users\swati\Desktop\Wayanad Exports\New folder\News Coordinated Gemini\News Coordinated Gemini.shp
